2026-09-03 13:48:59.768 PKT [13292] LOG:  starting PostgreSQL 18.4 on x86_64-windows, compiled by msvc-19.44.35226, 64-bit
2026-09-03 13:48:59.778 PKT [13292] LOG:  listening on IPv6 address "::1", port 5432
2026-09-03 13:48:59.778 PKT [13292] LOG:  listening on IPv4 address "127.0.0.1", port 5432
2026-09-03 13:49:00.150 PKT [21352] LOG:  database system was interrupted; last known up at 2026-09-02 16:45:40 PKT
2026-09-03 13:49:04.701 PKT [21352] LOG:  database system was not properly shut down; automatic recovery in progress
2026-09-03 13:49:04.707 PKT [21352] LOG:  redo starts at 0/238A020
2026-09-03 13:49:04.707 PKT [21352] LOG:  invalid record length at 0/238A128: expected at least 24, got 0
2026-09-03 13:49:04.707 PKT [21352] LOG:  redo done at 0/238A0F0 system usage: CPU: user: 0.00 s, system: 0.00 s, elapsed: 0.00 s
2026-09-03 13:49:04.729 PKT [18872] LOG:  checkpoint starting: end-of-recovery immediate wait
2026-09-03 13:49:04.760 PKT [18872] LOG:  checkpoint complete: wrote 0 buffers (0.0%), wrote 2 SLRU buffers; 0 WAL file(s) added, 0 removed, 0 recycled; write=0.005 s, sync=0.003 s, total=0.046 s; sync files=2, longest=0.002 s, average=0.002 s; distance=0 kB, estimate=0 kB; lsn=0/238A128, redo lsn=0/238A128
2026-09-03 13:49:04.790 PKT [13292] LOG:  database system is ready to accept connections
2026-09-03 13:59:04.777 PKT [18872] LOG:  checkpoint starting: time
2026-09-03 13:59:05.608 PKT [7172] ERROR:  update or delete on table "doctors" violates foreign key constraint "appointments_doctor_id_fkey" on table "appointments"
2026-09-03 13:59:05.608 PKT [7172] DETAIL:  Key (id)=(9a71f00c-6cce-4b4a-9758-e54a9c64406f) is still referenced from table "appointments".
2026-09-03 13:59:05.608 PKT [7172] STATEMENT:  DELETE FROM doctors WHERE doctors.id = $1::UUID
2026-09-03 13:59:08.996 PKT [18872] LOG:  checkpoint complete: wrote 38 buffers (0.2%), wrote 1 SLRU buffers; 0 WAL file(s) added, 0 removed, 0 recycled; write=4.164 s, sync=0.047 s, total=4.220 s; sync files=37, longest=0.004 s, average=0.002 s; distance=121 kB, estimate=121 kB; lsn=0/23AAE60, redo lsn=0/23A8548
2026-09-03 14:04:05.011 PKT [18872] LOG:  checkpoint starting: time
2026-09-03 14:04:05.803 PKT [18872] LOG:  checkpoint complete: wrote 7 buffers (0.0%), wrote 1 SLRU buffers; 0 WAL file(s) added, 0 removed, 0 recycled; write=0.770 s, sync=0.007 s, total=0.793 s; sync files=8, longest=0.002 s, average=0.001 s; distance=20 kB, estimate=110 kB; lsn=0/23AD7E8, redo lsn=0/23AD790
2026-09-03 14:18:39.566 PKT [17732] LOG:  could not receive data from client: An existing connection was forcibly closed by the remote host.
	
2026-09-03 14:18:39.568 PKT [18516] LOG:  could not receive data from client: An existing connection was forcibly closed by the remote host.
	
2026-09-03 14:18:39.567 PKT [8736] LOG:  could not receive data from client: An existing connection was forcibly closed by the remote host.
	
2026-09-03 14:18:39.572 PKT [14956] LOG:  could not receive data from client: An existing connection was forcibly closed by the remote host.
	
2026-09-03 17:46:39.742 PKT [18872] LOG:  checkpoint starting: time
2026-09-03 17:46:40.760 PKT [18872] LOG:  checkpoint complete: wrote 8 buffers (0.0%), wrote 1 SLRU buffers; 0 WAL file(s) added, 0 removed, 0 recycled; write=0.982 s, sync=0.013 s, total=1.034 s; sync files=9, longest=0.003 s, average=0.002 s; distance=22 kB, estimate=102 kB; lsn=0/23B2FE8, redo lsn=0/23B2F90
2026-09-03 17:46:56.059 PKT [4684] LOG:  could not receive data from client: An existing connection was forcibly closed by the remote host.
	
2026-09-03 17:46:56.063 PKT [16088] LOG:  could not receive data from client: An existing connection was forcibly closed by the remote host.
	
2026-09-03 17:46:56.067 PKT [14480] LOG:  could not receive data from client: An existing connection was forcibly closed by the remote host.
	
2026-09-03 17:46:56.077 PKT [6528] LOG:  could not receive data from client: An existing connection was forcibly closed by the remote host.
	
2026-09-03 17:46:56.096 PKT [780] LOG:  could not receive data from client: An existing connection was forcibly closed by the remote host.
	
2026-09-03 17:51:39.771 PKT [18872] LOG:  checkpoint starting: time
2026-09-03 17:51:40.262 PKT [18872] LOG:  checkpoint complete: wrote 4 buffers (0.0%), wrote 1 SLRU buffers; 0 WAL file(s) added, 0 removed, 0 recycled; write=0.462 s, sync=0.018 s, total=0.493 s; sync files=5, longest=0.015 s, average=0.004 s; distance=15 kB, estimate=93 kB; lsn=0/23B6D78, redo lsn=0/23B6D20
2026-09-03 18:01:39.280 PKT [18872] LOG:  checkpoint starting: time
2026-09-03 18:01:39.814 PKT [18872] LOG:  checkpoint complete: wrote 4 buffers (0.0%), wrote 1 SLRU buffers; 0 WAL file(s) added, 0 removed, 0 recycled; write=0.472 s, sync=0.021 s, total=0.534 s; sync files=5, longest=0.011 s, average=0.005 s; distance=15 kB, estimate=85 kB; lsn=0/23BABE0, redo lsn=0/23BAB88
2026-09-03 18:09:32.102 PKT [4168] LOG:  could not receive data from client: An existing connection was forcibly closed by the remote host.
	
2026-09-03 18:09:32.106 PKT [9300] LOG:  could not receive data from client: An existing connection was forcibly closed by the remote host.
	
2026-09-03 18:09:32.107 PKT [13256] LOG:  could not receive data from client: An existing connection was forcibly closed by the remote host.
	
2026-09-03 18:09:32.123 PKT [7864] LOG:  could not receive data from client: An existing connection was forcibly closed by the remote host.
	
2026-09-03 18:11:39.844 PKT [18872] LOG:  checkpoint starting: time
2026-09-03 18:11:48.048 PKT [18872] LOG:  checkpoint complete: wrote 72 buffers (0.4%), wrote 1 SLRU buffers; 0 WAL file(s) added, 0 removed, 0 recycled; write=8.063 s, sync=0.117 s, total=8.206 s; sync files=54, longest=0.012 s, average=0.003 s; distance=323 kB, estimate=323 kB; lsn=0/240BB20, redo lsn=0/240BAC8
2026-09-03 18:16:39.054 PKT [18872] LOG:  checkpoint starting: time
2026-09-03 18:16:39.938 PKT [18872] LOG:  checkpoint complete: wrote 8 buffers (0.0%), wrote 1 SLRU buffers; 0 WAL file(s) added, 0 removed, 0 recycled; write=0.862 s, sync=0.010 s, total=0.885 s; sync files=9, longest=0.002 s, average=0.002 s; distance=30 kB, estimate=294 kB; lsn=0/24136D8, redo lsn=0/2413680
2026-09-03 18:20:15.068 PKT [18316] LOG:  could not receive data from client: An existing connection was forcibly closed by the remote host.
	
2026-09-03 18:20:15.071 PKT [14548] LOG:  could not receive data from client: An existing connection was forcibly closed by the remote host.
	
2026-09-03 18:20:15.072 PKT [8252] LOG:  could not receive data from client: An existing connection was forcibly closed by the remote host.
	
2026-09-03 18:20:15.076 PKT [10432] LOG:  could not receive data from client: An existing connection was forcibly closed by the remote host.
	
2026-09-03 18:20:15.076 PKT [14316] LOG:  could not receive data from client: An existing connection was forcibly closed by the remote host.
	
2026-09-03 18:21:39.946 PKT [18872] LOG:  checkpoint starting: time
2026-09-03 18:21:41.370 PKT [18872] LOG:  checkpoint complete: wrote 13 buffers (0.1%), wrote 1 SLRU buffers; 0 WAL file(s) added, 0 removed, 0 recycled; write=1.402 s, sync=0.015 s, total=1.424 s; sync files=14, longest=0.004 s, average=0.002 s; distance=30 kB, estimate=268 kB; lsn=0/241B1A8, redo lsn=0/241B150
2026-09-03 18:31:39.394 PKT [18872] LOG:  checkpoint starting: time
2026-09-03 18:31:39.550 PKT [18872] LOG:  checkpoint complete: wrote 1 buffers (0.0%), wrote 0 SLRU buffers; 0 WAL file(s) added, 0 removed, 0 recycled; write=0.117 s, sync=0.014 s, total=0.161 s; sync files=1, longest=0.014 s, average=0.014 s; distance=6 kB, estimate=242 kB; lsn=0/241CD50, redo lsn=0/241CCF8
2026-09-03 18:41:39.577 PKT [18872] LOG:  checkpoint starting: time
2026-09-03 18:41:40.172 PKT [18872] LOG:  checkpoint complete: wrote 5 buffers (0.0%), wrote 1 SLRU buffers; 0 WAL file(s) added, 0 removed, 0 recycled; write=0.559 s, sync=0.007 s, total=0.602 s; sync files=6, longest=0.002 s, average=0.002 s; distance=15 kB, estimate=219 kB; lsn=0/2420B90, redo lsn=0/2420B38
2026-09-03 19:36:39.280 PKT [18872] LOG:  checkpoint starting: time
2026-09-03 19:36:40.417 PKT [18872] LOG:  checkpoint complete: wrote 10 buffers (0.1%), wrote 1 SLRU buffers; 0 WAL file(s) added, 0 removed, 0 recycled; write=1.101 s, sync=0.021 s, total=1.141 s; sync files=11, longest=0.004 s, average=0.002 s; distance=31 kB, estimate=200 kB; lsn=0/24287A0, redo lsn=0/2428748
2026-09-03 19:36:48.218 PKT [5172] ERROR:  column "whatsapp" does not exist at character 87
2026-09-03 19:36:48.218 PKT [5172] STATEMENT:  SELECT id, patient_id, channel, status, created_at FROM conversations WHERE channel = WHATSAPP ORDER BY created_at DESC LIMIT 5
2026-09-03 19:41:39.435 PKT [18872] LOG:  checkpoint starting: time
2026-09-03 19:41:40.293 PKT [18872] LOG:  checkpoint complete: wrote 7 buffers (0.0%), wrote 1 SLRU buffers; 0 WAL file(s) added, 0 removed, 0 recycled; write=0.800 s, sync=0.016 s, total=0.859 s; sync files=8, longest=0.004 s, average=0.002 s; distance=29 kB, estimate=183 kB; lsn=0/242FE18, redo lsn=0/242FDC0
2026-09-03 19:46:39.297 PKT [18872] LOG:  checkpoint starting: time
2026-09-03 19:46:39.566 PKT [18872] LOG:  checkpoint complete: wrote 2 buffers (0.0%), wrote 0 SLRU buffers; 0 WAL file(s) added, 0 removed, 0 recycled; write=0.255 s, sync=0.004 s, total=0.270 s; sync files=2, longest=0.003 s, average=0.002 s; distance=15 kB, estimate=166 kB; lsn=0/2433CC8, redo lsn=0/2433C70
2026-09-03 19:54:46.632 PKT [18780] LOG:  could not receive data from client: An existing connection was forcibly closed by the remote host.
	
2026-09-03 19:54:46.653 PKT [17856] LOG:  could not receive data from client: An existing connection was forcibly closed by the remote host.
	
2026-09-03 19:54:46.654 PKT [19992] LOG:  could not receive data from client: An existing connection was forcibly closed by the remote host.
	
2026-09-03 19:54:46.654 PKT [15804] LOG:  could not receive data from client: An existing connection was forcibly closed by the remote host.
	
2026-09-03 19:54:46.654 PKT [10972] LOG:  could not receive data from client: An existing connection was forcibly closed by the remote host.
	
2026-09-03 19:54:46.654 PKT [9668] LOG:  could not receive data from client: An existing connection was forcibly closed by the remote host.
	
2026-09-04 17:25:33.458 PKT [9404] LOG:  starting PostgreSQL 18.4 on x86_64-windows, compiled by msvc-19.44.35226, 64-bit
2026-09-04 17:25:33.466 PKT [9404] LOG:  listening on IPv6 address "::1", port 5432
2026-09-04 17:25:33.466 PKT [9404] LOG:  listening on IPv4 address "127.0.0.1", port 5432
2026-09-04 17:25:33.687 PKT [7660] LOG:  database system was interrupted; last known up at 2026-09-03 19:46:39 PKT
2026-09-04 17:25:37.523 PKT [7660] LOG:  database system was not properly shut down; automatic recovery in progress
2026-09-04 17:25:37.531 PKT [7660] LOG:  redo starts at 0/2433C70
2026-09-04 17:25:37.532 PKT [7660] LOG:  invalid record length at 0/2433D78: expected at least 24, got 0
2026-09-04 17:25:37.532 PKT [7660] LOG:  redo done at 0/2433D40 system usage: CPU: user: 0.00 s, system: 0.00 s, elapsed: 0.00 s
2026-09-04 17:25:37.547 PKT [8860] LOG:  checkpoint starting: end-of-recovery immediate wait
2026-09-04 17:25:37.577 PKT [8860] LOG:  checkpoint complete: wrote 0 buffers (0.0%), wrote 2 SLRU buffers; 0 WAL file(s) added, 0 removed, 0 recycled; write=0.004 s, sync=0.003 s, total=0.038 s; sync files=2, longest=0.002 s, average=0.002 s; distance=0 kB, estimate=0 kB; lsn=0/2433D78, redo lsn=0/2433D78
2026-09-04 17:25:37.591 PKT [9404] LOG:  database system is ready to accept connections
2026-09-04 18:25:37.738 PKT [8860] LOG:  checkpoint starting: time
2026-09-04 18:25:49.032 PKT [8860] LOG:  checkpoint complete: wrote 72 buffers (0.4%), wrote 1 SLRU buffers; 0 WAL file(s) added, 0 removed, 0 recycled; write=10.939 s, sync=0.229 s, total=11.295 s; sync files=45, longest=0.025 s, average=0.006 s; distance=450 kB, estimate=450 kB; lsn=0/24A4668, redo lsn=0/24A45D8
2026-09-04 18:28:15.170 PKT [7516] LOG:  could not receive data from client: An existing connection was forcibly closed by the remote host.
	
2026-09-04 18:30:37.056 PKT [8860] LOG:  checkpoint starting: time
2026-09-04 18:30:39.891 PKT [8860] LOG:  checkpoint complete: wrote 25 buffers (0.2%), wrote 1 SLRU buffers; 0 WAL file(s) added, 0 removed, 0 recycled; write=2.801 s, sync=0.026 s, total=2.836 s; sync files=23, longest=0.004 s, average=0.002 s; distance=82 kB, estimate=413 kB; lsn=0/24B9000, redo lsn=0/24B8FA8
2026-09-04 18:58:38.989 PKT [12856] LOG:  could not receive data from client: An existing connection was forcibly closed by the remote host.
	
2026-09-04 19:05:37.982 PKT [8860] LOG:  checkpoint starting: time
2026-09-04 19:05:38.559 PKT [8860] LOG:  checkpoint complete: wrote 5 buffers (0.0%), wrote 1 SLRU buffers; 0 WAL file(s) added, 0 removed, 0 recycled; write=0.539 s, sync=0.013 s, total=0.582 s; sync files=6, longest=0.004 s, average=0.003 s; distance=17 kB, estimate=373 kB; lsn=0/24BD430, redo lsn=0/24BD3D8
2026-09-04 19:08:08.347 PKT [13052] LOG:  could not receive data from client: An existing connection was forcibly closed by the remote host.
	
2026-09-04 19:08:08.347 PKT [4032] LOG:  could not receive data from client: An existing connection was forcibly closed by the remote host.
	
2026-09-04 19:08:08.349 PKT [10316] LOG:  could not receive data from client: An existing connection was forcibly closed by the remote host.
	
2026-09-04 19:08:08.352 PKT [7748] LOG:  could not receive data from client: An existing connection was forcibly closed by the remote host.
	
2026-09-04 19:10:37.571 PKT [8860] LOG:  checkpoint starting: time
2026-09-04 19:10:38.204 PKT [8860] LOG:  checkpoint complete: wrote 5 buffers (0.0%), wrote 1 SLRU buffers; 0 WAL file(s) added, 0 removed, 0 recycled; write=0.584 s, sync=0.013 s, total=0.634 s; sync files=6, longest=0.007 s, average=0.003 s; distance=17 kB, estimate=338 kB; lsn=0/24C1990, redo lsn=0/24C1938
2026-09-04 19:15:37.207 PKT [8860] LOG:  checkpoint starting: time
2026-09-04 19:15:37.598 PKT [8860] LOG:  checkpoint complete: wrote 3 buffers (0.0%), wrote 1 SLRU buffers; 0 WAL file(s) added, 0 removed, 0 recycled; write=0.352 s, sync=0.011 s, total=0.392 s; sync files=4, longest=0.006 s, average=0.003 s; distance=6 kB, estimate=304 kB; lsn=0/24C3410, redo lsn=0/24C33B8
2026-09-04 19:20:37.608 PKT [8860] LOG:  checkpoint starting: time
2026-09-04 19:20:38.044 PKT [8860] LOG:  checkpoint complete: wrote 4 buffers (0.0%), wrote 1 SLRU buffers; 0 WAL file(s) added, 0 removed, 0 recycled; write=0.424 s, sync=0.005 s, total=0.437 s; sync files=5, longest=0.002 s, average=0.001 s; distance=12 kB, estimate=275 kB; lsn=0/24C6808, redo lsn=0/24C67B0
2026-09-04 19:25:37.058 PKT [8860] LOG:  checkpoint starting: time
2026-09-04 19:25:37.516 PKT [8860] LOG:  checkpoint complete: wrote 4 buffers (0.0%), wrote 1 SLRU buffers; 0 WAL file(s) added, 0 removed, 0 recycled; write=0.436 s, sync=0.013 s, total=0.459 s; sync files=5, longest=0.008 s, average=0.003 s; distance=8 kB, estimate=248 kB; lsn=0/24C88E0, redo lsn=0/24C8888
2026-09-04 21:48:15.999 PKT [16948] LOG:  could not receive data from client: An existing connection was forcibly closed by the remote host.
	
2026-09-04 21:48:15.999 PKT [7500] LOG:  could not receive data from client: An existing connection was forcibly closed by the remote host.
	
2026-09-04 21:48:15.999 PKT [21444] LOG:  could not receive data from client: An existing connection was forcibly closed by the remote host.
	
2026-09-04 21:48:16.000 PKT [21420] LOG:  could not receive data from client: An existing connection was forcibly closed by the remote host.
	
2026-09-04 21:48:16.004 PKT [20620] LOG:  could not receive data from client: An existing connection was forcibly closed by the remote host.
	
2026-09-04 21:52:52.644 PKT [8860] LOG:  checkpoint starting: time
2026-09-04 21:52:53.784 PKT [8860] LOG:  checkpoint complete: wrote 10 buffers (0.1%), wrote 1 SLRU buffers; 0 WAL file(s) added, 0 removed, 0 recycled; write=1.099 s, sync=0.009 s, total=1.149 s; sync files=11, longest=0.002 s, average=0.001 s; distance=33 kB, estimate=227 kB; lsn=0/24D0D40, redo lsn=0/24D0CE8
2026-09-04 22:02:52.812 PKT [8860] LOG:  checkpoint starting: time
2026-09-04 22:02:54.155 PKT [8860] LOG:  checkpoint complete: wrote 12 buffers (0.1%), wrote 1 SLRU buffers; 0 WAL file(s) added, 0 removed, 0 recycled; write=1.306 s, sync=0.022 s, total=1.344 s; sync files=13, longest=0.003 s, average=0.002 s; distance=38 kB, estimate=208 kB; lsn=0/24DA870, redo lsn=0/24DA818
2026-09-04 22:17:52.182 PKT [8860] LOG:  checkpoint starting: time
2026-09-04 22:17:52.435 PKT [8860] LOG:  checkpoint complete: wrote 2 buffers (0.0%), wrote 1 SLRU buffers; 0 WAL file(s) added, 0 removed, 0 recycled; write=0.223 s, sync=0.017 s, total=0.254 s; sync files=3, longest=0.014 s, average=0.006 s; distance=11 kB, estimate=188 kB; lsn=0/24DD5B8, redo lsn=0/24DD560
2026-09-05 11:24:52.228 PKT [12112] LOG:  starting PostgreSQL 18.4 on x86_64-windows, compiled by msvc-19.44.35226, 64-bit
2026-09-05 11:24:52.234 PKT [12112] LOG:  listening on IPv6 address "::1", port 5432
2026-09-05 11:24:52.235 PKT [12112] LOG:  listening on IPv4 address "127.0.0.1", port 5432
2026-09-05 11:24:52.395 PKT [13528] LOG:  database system was interrupted; last known up at 2026-09-04 22:17:52 PKT
2026-09-05 11:24:55.248 PKT [13528] LOG:  database system was not properly shut down; automatic recovery in progress
2026-09-05 11:24:55.253 PKT [13528] LOG:  redo starts at 0/24DD560
2026-09-05 11:24:55.253 PKT [13528] LOG:  invalid record length at 0/24DD668: expected at least 24, got 0
2026-09-05 11:24:55.253 PKT [13528] LOG:  redo done at 0/24DD630 system usage: CPU: user: 0.00 s, system: 0.00 s, elapsed: 0.00 s
2026-09-05 11:24:55.278 PKT [19744] LOG:  checkpoint starting: end-of-recovery immediate wait
2026-09-05 11:24:55.305 PKT [19744] LOG:  checkpoint complete: wrote 0 buffers (0.0%), wrote 2 SLRU buffers; 0 WAL file(s) added, 0 removed, 0 recycled; write=0.004 s, sync=0.003 s, total=0.040 s; sync files=2, longest=0.002 s, average=0.002 s; distance=0 kB, estimate=0 kB; lsn=0/24DD668, redo lsn=0/24DD668
2026-09-05 11:24:55.317 PKT [12112] LOG:  database system is ready to accept connections
2026-09-05 11:34:55.307 PKT [19744] LOG:  checkpoint starting: time
2026-09-05 11:34:55.675 PKT [19744] LOG:  checkpoint complete: wrote 3 buffers (0.0%), wrote 0 SLRU buffers; 0 WAL file(s) added, 0 removed, 0 recycled; write=0.339 s, sync=0.005 s, total=0.369 s; sync files=3, longest=0.002 s, average=0.002 s; distance=16 kB, estimate=16 kB; lsn=0/24E1A78, redo lsn=0/24E1A20
2026-09-05 11:44:55.692 PKT [19744] LOG:  checkpoint starting: time
2026-09-05 11:44:55.821 PKT [19744] LOG:  checkpoint complete: wrote 1 buffers (0.0%), wrote 0 SLRU buffers; 0 WAL file(s) added, 0 removed, 0 recycled; write=0.109 s, sync=0.002 s, total=0.130 s; sync files=1, longest=0.002 s, average=0.002 s; distance=1 kB, estimate=15 kB; lsn=0/24E1F08, redo lsn=0/24E1EB0
2026-09-05 11:45:39.517 PKT [21340] LOG:  could not receive data from client: An existing connection was forcibly closed by the remote host.
	
2026-09-05 11:45:39.517 PKT [9592] LOG:  could not receive data from client: An existing connection was forcibly closed by the remote host.
	
2026-09-05 11:45:39.517 PKT [21312] LOG:  could not receive data from client: An existing connection was forcibly closed by the remote host.
	
2026-09-05 11:45:39.517 PKT [17804] LOG:  could not receive data from client: An existing connection was forcibly closed by the remote host.
	
2026-09-05 11:45:39.519 PKT [7672] LOG:  could not receive data from client: An existing connection was forcibly closed by the remote host.
	
2026-09-05 12:04:55.844 PKT [19744] LOG:  checkpoint starting: time
2026-09-05 12:04:56.887 PKT [19744] LOG:  checkpoint complete: wrote 8 buffers (0.0%), wrote 1 SLRU buffers; 0 WAL file(s) added, 0 removed, 0 recycled; write=1.010 s, sync=0.007 s, total=1.044 s; sync files=9, longest=0.002 s, average=0.001 s; distance=40 kB, estimate=40 kB; lsn=0/24F00C8, redo lsn=0/24EC190
2026-09-05 12:09:55.897 PKT [19744] LOG:  checkpoint starting: time
2026-09-05 12:09:58.317 PKT [19744] LOG:  checkpoint complete: wrote 19 buffers (0.1%), wrote 3 SLRU buffers; 0 WAL file(s) added, 0 removed, 0 recycled; write=2.390 s, sync=0.012 s, total=2.420 s; sync files=15, longest=0.001 s, average=0.001 s; distance=72 kB, estimate=72 kB; lsn=0/250DA98, redo lsn=0/24FE568
2026-09-05 12:11:44.275 PKT [1596] LOG:  could not receive data from client: An existing connection was forcibly closed by the remote host.
	
2026-09-05 12:11:44.275 PKT [18820] LOG:  could not receive data from client: An existing connection was forcibly closed by the remote host.
	
2026-09-05 12:11:44.276 PKT [18820] LOG:  unexpected EOF on client connection with an open transaction
2026-09-05 12:11:44.275 PKT [6208] LOG:  could not receive data from client: An existing connection was forcibly closed by the remote host.
	
2026-09-05 12:11:44.276 PKT [15196] LOG:  could not receive data from client: An existing connection was forcibly closed by the remote host.
	
2026-09-05 12:11:44.276 PKT [16712] LOG:  could not receive data from client: An existing connection was forcibly closed by the remote host.
	
2026-09-05 12:14:24.750 PKT [11892] LOG:  could not receive data from client: An existing connection was forcibly closed by the remote host.
	
2026-09-05 12:14:55.318 PKT [19744] LOG:  checkpoint starting: time
2026-09-05 12:14:58.697 PKT [19744] LOG:  checkpoint complete: wrote 30 buffers (0.2%), wrote 3 SLRU buffers; 0 WAL file(s) added, 0 removed, 0 recycled; write=3.345 s, sync=0.023 s, total=3.379 s; sync files=22, longest=0.003 s, average=0.002 s; distance=248 kB, estimate=248 kB; lsn=0/254F950, redo lsn=0/253C8C8
2026-09-05 12:16:06.964 PKT [11208] LOG:  could not receive data from client: An existing connection was forcibly closed by the remote host.
	
2026-09-05 12:16:06.964 PKT [11208] LOG:  unexpected EOF on client connection with an open transaction
2026-09-05 12:19:55.712 PKT [19744] LOG:  checkpoint starting: time
2026-09-05 12:19:57.734 PKT [19744] LOG:  checkpoint complete: wrote 18 buffers (0.1%), wrote 1 SLRU buffers; 0 WAL file(s) added, 0 removed, 0 recycled; write=1.955 s, sync=0.057 s, total=2.022 s; sync files=12, longest=0.045 s, average=0.005 s; distance=112 kB, estimate=235 kB; lsn=0/2558970, redo lsn=0/2558918
2026-09-05 12:24:55.746 PKT [19744] LOG:  checkpoint starting: time
2026-09-05 12:24:56.429 PKT [19744] LOG:  checkpoint complete: wrote 6 buffers (0.0%), wrote 1 SLRU buffers; 0 WAL file(s) added, 0 removed, 0 recycled; write=0.667 s, sync=0.008 s, total=0.684 s; sync files=7, longest=0.002 s, average=0.002 s; distance=19 kB, estimate=213 kB; lsn=0/255D830, redo lsn=0/255D7D8
2026-09-05 12:29:55.431 PKT [19744] LOG:  checkpoint starting: time
2026-09-05 12:29:56.567 PKT [19744] LOG:  checkpoint complete: wrote 10 buffers (0.1%), wrote 1 SLRU buffers; 0 WAL file(s) added, 0 removed, 0 recycled; write=1.104 s, sync=0.016 s, total=1.136 s; sync files=10, longest=0.006 s, average=0.002 s; distance=38 kB, estimate=196 kB; lsn=0/2567238, redo lsn=0/25671A8
2026-09-05 12:39:55.657 PKT [19744] LOG:  checkpoint starting: time
2026-09-05 12:39:57.149 PKT [19744] LOG:  checkpoint complete: wrote 13 buffers (0.1%), wrote 1 SLRU buffers; 0 WAL file(s) added, 0 removed, 0 recycled; write=1.416 s, sync=0.017 s, total=1.493 s; sync files=12, longest=0.003 s, average=0.002 s; distance=56 kB, estimate=182 kB; lsn=0/25755F8, redo lsn=0/25755A0
2026-09-05 12:44:55.151 PKT [19744] LOG:  checkpoint starting: time
2026-09-05 12:44:55.979 PKT [19744] LOG:  checkpoint complete: wrote 7 buffers (0.0%), wrote 1 SLRU buffers; 0 WAL file(s) added, 0 removed, 0 recycled; write=0.797 s, sync=0.015 s, total=0.829 s; sync files=8, longest=0.004 s, average=0.002 s; distance=27 kB, estimate=166 kB; lsn=0/257C410, redo lsn=0/257C3B8
2026-09-05 12:59:24.710 PKT [17204] LOG:  could not receive data from client: An existing connection was forcibly closed by the remote host.
	
2026-09-05 12:59:24.711 PKT [1648] LOG:  could not receive data from client: An existing connection was forcibly closed by the remote host.
	
2026-09-05 12:59:24.712 PKT [5724] LOG:  could not receive data from client: An existing connection was forcibly closed by the remote host.
	
2026-09-05 12:59:24.715 PKT [10520] LOG:  could not receive data from client: An existing connection was forcibly closed by the remote host.
	
2026-09-05 12:59:24.720 PKT [1576] LOG:  could not receive data from client: An existing connection was forcibly closed by the remote host.
	
2026-09-05 12:59:56.007 PKT [19744] LOG:  checkpoint starting: time
2026-09-05 12:59:57.115 PKT [19744] LOG:  checkpoint complete: wrote 10 buffers (0.1%), wrote 1 SLRU buffers; 0 WAL file(s) added, 0 removed, 0 recycled; write=1.088 s, sync=0.010 s, total=1.108 s; sync files=11, longest=0.002 s, average=0.001 s; distance=30 kB, estimate=153 kB; lsn=0/2583EA8, redo lsn=0/2583E50
2026-09-05 13:04:56.122 PKT [19744] LOG:  checkpoint starting: time
2026-09-05 13:04:56.247 PKT [19744] LOG:  checkpoint complete: wrote 1 buffers (0.0%), wrote 1 SLRU buffers; 0 WAL file(s) added, 0 removed, 0 recycled; write=0.113 s, sync=0.003 s, total=0.126 s; sync files=2, longest=0.002 s, average=0.002 s; distance=4 kB, estimate=138 kB; lsn=0/2584EE0, redo lsn=0/2584E88
2026-09-05 13:06:08.442 PKT [1152] LOG:  could not receive data from client: An existing connection was forcibly closed by the remote host.
	
2026-09-05 13:09:25.963 PKT [2416] LOG:  could not receive data from client: An existing connection was forcibly closed by the remote host.
	
2026-09-05 13:09:56.258 PKT [19744] LOG:  checkpoint starting: time
2026-09-05 13:09:57.802 PKT [19744] LOG:  checkpoint complete: wrote 14 buffers (0.1%), wrote 1 SLRU buffers; 0 WAL file(s) added, 0 removed, 0 recycled; write=1.527 s, sync=0.009 s, total=1.545 s; sync files=14, longest=0.002 s, average=0.001 s; distance=55 kB, estimate=129 kB; lsn=0/2592B38, redo lsn=0/2592AE0
2026-09-05 13:13:14.876 PKT [17352] LOG:  could not receive data from client: An existing connection was forcibly closed by the remote host.
	
2026-09-05 13:14:56.808 PKT [19744] LOG:  checkpoint starting: time
2026-09-05 13:14:58.310 PKT [19744] LOG:  checkpoint complete: wrote 13 buffers (0.1%), wrote 1 SLRU buffers; 0 WAL file(s) added, 0 removed, 0 recycled; write=1.446 s, sync=0.048 s, total=1.503 s; sync files=14, longest=0.019 s, average=0.004 s; distance=43 kB, estimate=121 kB; lsn=0/259D9E8, redo lsn=0/259D990
2026-09-05 13:19:56.323 PKT [19744] LOG:  checkpoint starting: time
2026-09-05 13:19:56.663 PKT [19744] LOG:  checkpoint complete: wrote 3 buffers (0.0%), wrote 0 SLRU buffers; 0 WAL file(s) added, 0 removed, 0 recycled; write=0.324 s, sync=0.004 s, total=0.340 s; sync files=3, longest=0.003 s, average=0.002 s; distance=15 kB, estimate=110 kB; lsn=0/25A16D0, redo lsn=0/25A1678
2026-09-05 13:24:56.663 PKT [19744] LOG:  checkpoint starting: time
2026-09-05 13:24:57.351 PKT [19744] LOG:  checkpoint complete: wrote 6 buffers (0.0%), wrote 1 SLRU buffers; 0 WAL file(s) added, 0 removed, 0 recycled; write=0.665 s, sync=0.010 s, total=0.688 s; sync files=7, longest=0.003 s, average=0.002 s; distance=23 kB, estimate=101 kB; lsn=0/25A7378, redo lsn=0/25A7320
2026-09-05 13:39:56.365 PKT [19744] LOG:  checkpoint starting: time
2026-09-05 13:39:57.283 PKT [19744] LOG:  checkpoint complete: wrote 8 buffers (0.0%), wrote 1 SLRU buffers; 0 WAL file(s) added, 0 removed, 0 recycled; write=0.890 s, sync=0.010 s, total=0.921 s; sync files=9, longest=0.002 s, average=0.002 s; distance=27 kB, estimate=94 kB; lsn=0/25B3D80, redo lsn=0/25ADF78
2026-09-05 13:44:56.284 PKT [19744] LOG:  checkpoint starting: time
2026-09-05 13:44:56.963 PKT [19744] LOG:  checkpoint complete: wrote 6 buffers (0.0%), wrote 1 SLRU buffers; 0 WAL file(s) added, 0 removed, 0 recycled; write=0.662 s, sync=0.007 s, total=0.679 s; sync files=7, longest=0.002 s, average=0.001 s; distance=26 kB, estimate=87 kB; lsn=0/25B4888, redo lsn=0/25B4830
2026-09-05 13:54:56.963 PKT [19744] LOG:  checkpoint starting: time
2026-09-05 13:54:57.651 PKT [19744] LOG:  checkpoint complete: wrote 6 buffers (0.0%), wrote 1 SLRU buffers; 0 WAL file(s) added, 0 removed, 0 recycled; write=0.666 s, sync=0.007 s, total=0.689 s; sync files=7, longest=0.002 s, average=0.001 s; distance=30 kB, estimate=81 kB; lsn=0/25BC1A8, redo lsn=0/25BC150
2026-09-05 13:59:56.657 PKT [19744] LOG:  checkpoint starting: time
2026-09-05 13:59:58.888 PKT [19744] LOG:  checkpoint complete: wrote 18 buffers (0.1%), wrote 1 SLRU buffers; 0 WAL file(s) added, 0 removed, 0 recycled; write=2.019 s, sync=0.173 s, total=2.231 s; sync files=13, longest=0.045 s, average=0.014 s; distance=103 kB, estimate=103 kB; lsn=0/25DBF50, redo lsn=0/25D5E78
2026-09-05 14:04:58.823 PKT [19744] LOG:  checkpoint starting: time
2026-09-05 14:04:59.521 PKT [19744] LOG:  checkpoint complete: wrote 6 buffers (0.0%), wrote 1 SLRU buffers; 0 WAL file(s) added, 0 removed, 0 recycled; write=0.667 s, sync=0.009 s, total=0.698 s; sync files=7, longest=0.002 s, average=0.002 s; distance=25 kB, estimate=95 kB; lsn=0/25DC5A8, redo lsn=0/25DC550
2026-09-05 14:18:01.509 PKT [12296] LOG:  could not receive data from client: An existing connection was forcibly closed by the remote host.
	
2026-09-05 14:18:01.510 PKT [664] LOG:  could not receive data from client: An existing connection was forcibly closed by the remote host.
	
2026-09-05 14:18:01.511 PKT [10944] LOG:  could not receive data from client: An existing connection was forcibly closed by the remote host.
	
2026-09-05 14:18:01.512 PKT [13068] LOG:  could not receive data from client: An existing connection was forcibly closed by the remote host.
	
2026-09-05 14:18:01.513 PKT [3184] LOG:  could not receive data from client: An existing connection was forcibly closed by the remote host.
	
2026-09-05 14:22:02.651 PKT [19544] ERROR:  column "name" does not exist at character 12
2026-09-05 14:22:02.651 PKT [19544] STATEMENT:  SELECT id, name, phone, practice_id FROM patients WHERE phone LIKE '%120363215640460642%' OR name LIKE '%Hafiz%'
2026-09-05 14:23:03.874 PKT [8500] ERROR:  column "status" does not exist at character 18
2026-09-05 14:23:03.874 PKT [8500] STATEMENT:  SELECT id, name, status FROM practices
2026-09-05 14:23:40.501 PKT [12300] ERROR:  column "ai_paused" does not exist at character 29
2026-09-05 14:23:40.501 PKT [12300] STATEMENT:  SELECT id, channel, status, ai_paused, patient_id FROM conversations WHERE patient_id = $1
2026-09-05 14:24:58.571 PKT [19744] LOG:  checkpoint starting: time
2026-09-05 14:25:00.095 PKT [19744] LOG:  checkpoint complete: wrote 13 buffers (0.1%), wrote 1 SLRU buffers; 0 WAL file(s) added, 0 removed, 0 recycled; write=1.431 s, sync=0.019 s, total=1.527 s; sync files=10, longest=0.011 s, average=0.002 s; distance=82 kB, estimate=94 kB; lsn=0/25F0E88, redo lsn=0/25F0E30
2026-09-05 14:44:58.122 PKT [19744] LOG:  checkpoint starting: time
2026-09-05 14:44:58.240 PKT [19744] LOG:  checkpoint complete: wrote 1 buffers (0.0%), wrote 0 SLRU buffers; 0 WAL file(s) added, 0 removed, 0 recycled; write=0.104 s, sync=0.003 s, total=0.120 s; sync files=1, longest=0.003 s, average=0.003 s; distance=1 kB, estimate=84 kB; lsn=0/25F15A0, redo lsn=0/25F1548
2026-09-05 14:54:58.248 PKT [19744] LOG:  checkpoint starting: time
2026-09-05 14:54:59.433 PKT [19744] LOG:  checkpoint complete: wrote 10 buffers (0.1%), wrote 1 SLRU buffers; 0 WAL file(s) added, 0 removed, 0 recycled; write=1.161 s, sync=0.013 s, total=1.186 s; sync files=10, longest=0.003 s, average=0.002 s; distance=36 kB, estimate=80 kB; lsn=0/25FA718, redo lsn=0/25FA6C0
2026-09-05 17:46:59.795 PKT [13004] LOG:  starting PostgreSQL 18.4 on x86_64-windows, compiled by msvc-19.44.35226, 64-bit
2026-09-05 17:46:59.803 PKT [13004] LOG:  listening on IPv6 address "::1", port 5432
2026-09-05 17:46:59.804 PKT [13004] LOG:  listening on IPv4 address "127.0.0.1", port 5432
2026-09-05 17:47:00.133 PKT [13988] LOG:  database system was interrupted; last known up at 2026-09-05 14:54:59 PKT
2026-09-05 17:47:00.379 PKT [17228] FATAL:  the database system is starting up
2026-09-05 17:47:03.471 PKT [4520] FATAL:  the database system is starting up
2026-09-05 17:47:04.586 PKT [13988] LOG:  database system was not properly shut down; automatic recovery in progress
2026-09-05 17:47:04.592 PKT [13988] LOG:  redo starts at 0/25FA6C0
2026-09-05 17:47:04.593 PKT [13988] LOG:  invalid record length at 0/25FA7C8: expected at least 24, got 0
2026-09-05 17:47:04.593 PKT [13988] LOG:  redo done at 0/25FA790 system usage: CPU: user: 0.00 s, system: 0.00 s, elapsed: 0.00 s
2026-09-05 17:47:04.616 PKT [15612] LOG:  checkpoint starting: end-of-recovery immediate wait
2026-09-05 17:47:04.658 PKT [15612] LOG:  checkpoint complete: wrote 0 buffers (0.0%), wrote 2 SLRU buffers; 0 WAL file(s) added, 0 removed, 0 recycled; write=0.004 s, sync=0.010 s, total=0.056 s; sync files=3, longest=0.006 s, average=0.004 s; distance=0 kB, estimate=0 kB; lsn=0/25FA7C8, redo lsn=0/25FA7C8
2026-09-05 17:47:04.679 PKT [13004] LOG:  database system is ready to accept connections
2026-09-05 17:51:23.238 PKT [10340] LOG:  could not receive data from client: An existing connection was forcibly closed by the remote host.
	
2026-09-05 18:12:04.704 PKT [15612] LOG:  checkpoint starting: time
2026-09-05 18:12:05.492 PKT [15612] LOG:  checkpoint complete: wrote 6 buffers (0.0%), wrote 1 SLRU buffers; 0 WAL file(s) added, 0 removed, 0 recycled; write=0.767 s, sync=0.013 s, total=0.789 s; sync files=7, longest=0.003 s, average=0.002 s; distance=25 kB, estimate=25 kB; lsn=0/2600ED8, redo lsn=0/2600E80
2026-09-05 18:28:38.763 PKT [17228] LOG:  could not receive data from client: An existing connection was forcibly closed by the remote host.
	
2026-09-05 18:28:38.763 PKT [20364] LOG:  could not receive data from client: An existing connection was forcibly closed by the remote host.
	
2026-09-05 18:28:38.763 PKT [9008] LOG:  could not receive data from client: An existing connection was forcibly closed by the remote host.
	
2026-09-05 18:45:24.293 PKT [19856] LOG:  could not receive data from client: An existing connection was forcibly closed by the remote host.
	
2026-09-05 18:45:24.293 PKT [11108] LOG:  could not receive data from client: An existing connection was forcibly closed by the remote host.
	
2026-09-05 18:45:24.293 PKT [12124] LOG:  could not receive data from client: An existing connection was forcibly closed by the remote host.
	
2026-09-05 18:45:24.293 PKT [11456] LOG:  could not receive data from client: An existing connection was forcibly closed by the remote host.
	
2026-09-05 18:45:24.297 PKT [12164] LOG:  could not receive data from client: An existing connection was forcibly closed by the remote host.
	
2026-09-05 18:47:27.250 PKT [9036] LOG:  could not receive data from client: An existing connection was forcibly closed by the remote host.
	
2026-09-05 18:47:27.250 PKT [16120] LOG:  could not receive data from client: An existing connection was forcibly closed by the remote host.
	
2026-09-05 18:47:27.250 PKT [9860] LOG:  could not receive data from client: An existing connection was forcibly closed by the remote host.
	
2026-09-05 18:55:01.183 PKT [3720] LOG:  could not receive data from client: An existing connection was forcibly closed by the remote host.
	
2026-09-05 18:55:01.183 PKT [20172] LOG:  could not receive data from client: An existing connection was forcibly closed by the remote host.
	
2026-09-05 18:55:01.183 PKT [3448] LOG:  could not receive data from client: An existing connection was forcibly closed by the remote host.
	
2026-09-05 19:02:04.588 PKT [15612] LOG:  checkpoint starting: time
2026-09-05 19:02:04.736 PKT [15612] LOG:  checkpoint complete: wrote 1 buffers (0.0%), wrote 0 SLRU buffers; 0 WAL file(s) added, 0 removed, 0 recycled; write=0.107 s, sync=0.005 s, total=0.152 s; sync files=1, longest=0.005 s, average=0.005 s; distance=5 kB, estimate=23 kB; lsn=0/2602478, redo lsn=0/2602420
2026-09-05 19:07:04.748 PKT [15612] LOG:  checkpoint starting: time
2026-09-05 19:07:05.560 PKT [15612] LOG:  checkpoint complete: wrote 7 buffers (0.0%), wrote 1 SLRU buffers; 0 WAL file(s) added, 0 removed, 0 recycled; write=0.782 s, sync=0.008 s, total=0.813 s; sync files=7, longest=0.003 s, average=0.002 s; distance=31 kB, estimate=31 kB; lsn=0/260A0A8, redo lsn=0/260A050
2026-09-05 19:12:04.568 PKT [15612] LOG:  checkpoint starting: time
2026-09-05 19:12:05.402 PKT [15612] LOG:  checkpoint complete: wrote 7 buffers (0.0%), wrote 1 SLRU buffers; 0 WAL file(s) added, 0 removed, 0 recycled; write=0.804 s, sync=0.011 s, total=0.835 s; sync files=7, longest=0.004 s, average=0.002 s; distance=35 kB, estimate=35 kB; lsn=0/2612D80, redo lsn=0/2612CF0
2026-09-05 19:17:04.413 PKT [15612] LOG:  checkpoint starting: time
2026-09-05 19:17:04.891 PKT [15612] LOG:  checkpoint complete: wrote 4 buffers (0.0%), wrote 1 SLRU buffers; 0 WAL file(s) added, 0 removed, 0 recycled; write=0.443 s, sync=0.015 s, total=0.479 s; sync files=5, longest=0.004 s, average=0.003 s; distance=13 kB, estimate=32 kB; lsn=0/26161C8, redo lsn=0/2616170
2026-09-05 19:46:25.831 PKT [15892] LOG:  could not receive data from client: An existing connection was forcibly closed by the remote host.
	
2026-09-05 19:46:25.832 PKT [2112] LOG:  could not receive data from client: An existing connection was forcibly closed by the remote host.
	
2026-09-05 19:46:25.833 PKT [15900] LOG:  could not receive data from client: An existing connection was forcibly closed by the remote host.
	
2026-09-05 19:46:25.833 PKT [20416] LOG:  could not receive data from client: An existing connection was forcibly closed by the remote host.
	
2026-09-05 19:46:25.834 PKT [10412] LOG:  could not receive data from client: An existing connection was forcibly closed by the remote host.
	
2026-09-05 19:52:05.005 PKT [15612] LOG:  checkpoint starting: time
2026-09-05 19:52:05.332 PKT [15612] LOG:  checkpoint complete: wrote 3 buffers (0.0%), wrote 1 SLRU buffers; 0 WAL file(s) added, 0 removed, 0 recycled; write=0.316 s, sync=0.004 s, total=0.327 s; sync files=4, longest=0.002 s, average=0.001 s; distance=10 kB, estimate=30 kB; lsn=0/2618C90, redo lsn=0/2618C38
2026-09-05 19:55:38.010 PKT [17728] LOG:  could not receive data from client: An existing connection was forcibly closed by the remote host.
	
2026-09-05 19:55:38.010 PKT [16704] LOG:  could not receive data from client: An existing connection was forcibly closed by the remote host.
	
2026-09-05 19:55:38.010 PKT [16344] LOG:  could not receive data from client: An existing connection was forcibly closed by the remote host.
	
2026-09-05 19:57:05.352 PKT [15612] LOG:  checkpoint starting: time
2026-09-05 19:57:05.910 PKT [15612] LOG:  checkpoint complete: wrote 5 buffers (0.0%), wrote 0 SLRU buffers; 0 WAL file(s) added, 0 removed, 0 recycled; write=0.547 s, sync=0.003 s, total=0.559 s; sync files=4, longest=0.001 s, average=0.001 s; distance=26 kB, estimate=30 kB; lsn=0/261F878, redo lsn=0/261F820
2026-09-05 20:02:05.922 PKT [15612] LOG:  checkpoint starting: time
2026-09-05 20:02:06.278 PKT [15612] LOG:  checkpoint complete: wrote 3 buffers (0.0%), wrote 1 SLRU buffers; 0 WAL file(s) added, 0 removed, 0 recycled; write=0.333 s, sync=0.005 s, total=0.357 s; sync files=3, longest=0.003 s, average=0.002 s; distance=16 kB, estimate=28 kB; lsn=0/2623878, redo lsn=0/2623820
2026-09-05 20:06:10.424 PKT [1896] LOG:  could not receive data from client: An existing connection was forcibly closed by the remote host.
	
2026-09-05 20:06:10.424 PKT [8252] LOG:  could not receive data from client: An existing connection was forcibly closed by the remote host.
	
2026-09-05 20:06:10.429 PKT [15992] LOG:  could not receive data from client: An existing connection was forcibly closed by the remote host.
	
2026-09-05 20:22:05.321 PKT [15612] LOG:  checkpoint starting: time
2026-09-05 20:22:05.659 PKT [15612] LOG:  checkpoint complete: wrote 3 buffers (0.0%), wrote 1 SLRU buffers; 0 WAL file(s) added, 0 removed, 0 recycled; write=0.313 s, sync=0.005 s, total=0.340 s; sync files=4, longest=0.002 s, average=0.002 s; distance=14 kB, estimate=27 kB; lsn=0/2627090, redo lsn=0/2627038
2026-09-05 20:40:55.746 PKT [7040] LOG:  could not receive data from client: An existing connection was forcibly closed by the remote host.
	
2026-09-05 20:40:55.747 PKT [18968] LOG:  could not receive data from client: An existing connection was forcibly closed by the remote host.
	
2026-09-05 20:40:55.747 PKT [1600] LOG:  could not receive data from client: An existing connection was forcibly closed by the remote host.
	
2026-09-05 20:42:05.692 PKT [15612] LOG:  checkpoint starting: time
2026-09-05 20:42:11.213 PKT [15612] LOG:  checkpoint complete: wrote 49 buffers (0.3%), wrote 1 SLRU buffers; 0 WAL file(s) added, 0 removed, 0 recycled; write=5.464 s, sync=0.045 s, total=5.522 s; sync files=36, longest=0.004 s, average=0.002 s; distance=242 kB, estimate=242 kB; lsn=0/2663B00, redo lsn=0/2663AA8
2026-09-05 20:47:05.211 PKT [15612] LOG:  checkpoint starting: time
2026-09-05 20:47:05.678 PKT [15612] LOG:  checkpoint complete: wrote 4 buffers (0.0%), wrote 1 SLRU buffers; 0 WAL file(s) added, 0 removed, 0 recycled; write=0.447 s, sync=0.009 s, total=0.470 s; sync files=5, longest=0.004 s, average=0.002 s; distance=13 kB, estimate=219 kB; lsn=0/2667200, redo lsn=0/26671A8
2026-09-05 20:57:05.698 PKT [15612] LOG:  checkpoint starting: time
2026-09-05 20:57:06.063 PKT [15612] LOG:  checkpoint complete: wrote 3 buffers (0.0%), wrote 1 SLRU buffers; 0 WAL file(s) added, 0 removed, 0 recycled; write=0.338 s, sync=0.008 s, total=0.366 s; sync files=4, longest=0.004 s, average=0.002 s; distance=17 kB, estimate=199 kB; lsn=0/266B8F8, redo lsn=0/266B8A0
2026-09-05 21:03:42.247 PKT [2612] LOG:  could not receive data from client: An existing connection was forcibly closed by the remote host.
	
2026-09-05 21:03:42.247 PKT [2804] LOG:  could not receive data from client: An existing connection was forcibly closed by the remote host.
	
2026-09-05 21:03:42.247 PKT [15988] LOG:  could not receive data from client: An existing connection was forcibly closed by the remote host.
	
2026-09-05 21:03:42.248 PKT [12160] LOG:  could not receive data from client: An existing connection was forcibly closed by the remote host.
	
2026-09-05 21:03:42.248 PKT [16872] LOG:  could not receive data from client: An existing connection was forcibly closed by the remote host.
	
2026-09-05 21:04:15.880 PKT [15504] ERROR:  insert or update on table "recovery_checkins" violates foreign key constraint "recovery_checkins_reviewed_by_user_id_fkey"
2026-09-05 21:04:15.880 PKT [15504] DETAIL:  Key (reviewed_by_user_id)=(f32063a3-01eb-48d8-a9f3-b2bf94f8daa6) is not present in table "users".
2026-09-05 21:04:15.880 PKT [15504] STATEMENT:  UPDATE recovery_checkins SET reviewed_by_user_id=$1::UUID, reviewed_at=$2::TIMESTAMP WITH TIME ZONE WHERE recovery_checkins.id = $3::UUID
2026-09-05 21:07:05.235 PKT [15612] LOG:  checkpoint starting: time
2026-09-05 21:07:12.491 PKT [15612] LOG:  checkpoint complete: wrote 64 buffers (0.4%), wrote 1 SLRU buffers; 0 WAL file(s) added, 0 removed, 0 recycled; write=7.168 s, sync=0.078 s, total=7.256 s; sync files=46, longest=0.004 s, average=0.002 s; distance=288 kB, estimate=288 kB; lsn=0/26B3AD8, redo lsn=0/26B3A48
2026-09-05 21:18:10.391 PKT [404] LOG:  could not receive data from client: An existing connection was forcibly closed by the remote host.
	
2026-09-05 21:18:10.391 PKT [8776] LOG:  could not receive data from client: An existing connection was forcibly closed by the remote host.
	
2026-09-05 21:18:10.391 PKT [20120] LOG:  could not receive data from client: An existing connection was forcibly closed by the remote host.
	
2026-09-05 21:27:02.359 PKT [6720] LOG:  could not receive data from client: An existing connection was forcibly closed by the remote host.
	
2026-09-05 21:27:02.359 PKT [8292] LOG:  could not receive data from client: An existing connection was forcibly closed by the remote host.
	
2026-09-05 21:27:02.359 PKT [10556] LOG:  could not receive data from client: An existing connection was forcibly closed by the remote host.
	
2026-09-05 21:27:05.520 PKT [15612] LOG:  checkpoint starting: time
2026-09-05 21:27:10.574 PKT [15612] LOG:  checkpoint complete: wrote 45 buffers (0.3%), wrote 1 SLRU buffers; 0 WAL file(s) added, 0 removed, 0 recycled; write=5.016 s, sync=0.031 s, total=5.055 s; sync files=38, longest=0.004 s, average=0.001 s; distance=219 kB, estimate=281 kB; lsn=0/26EC3C0, redo lsn=0/26EA760
2026-09-05 21:32:05.641 PKT [15612] LOG:  checkpoint starting: time
2026-09-05 21:32:07.802 PKT [15612] LOG:  checkpoint complete: wrote 16 buffers (0.1%), wrote 1 SLRU buffers; 0 WAL file(s) added, 0 removed, 0 recycled; write=1.761 s, sync=0.012 s, total=2.162 s; sync files=16, longest=0.002 s, average=0.001 s; distance=45 kB, estimate=257 kB; lsn=0/26F5CF8, redo lsn=0/26F5CA0
2026-09-06 09:51:36.459 PKT [3680] LOG:  starting PostgreSQL 18.4 on x86_64-windows, compiled by msvc-19.44.35226, 64-bit
2026-09-06 09:51:36.466 PKT [3680] LOG:  listening on IPv6 address "::1", port 5432
2026-09-06 09:51:36.466 PKT [3680] LOG:  listening on IPv4 address "127.0.0.1", port 5432
2026-09-06 09:51:36.629 PKT [10104] LOG:  database system was interrupted; last known up at 2026-09-05 21:32:07 PKT
2026-09-06 09:51:38.727 PKT [13532] FATAL:  the database system is starting up
2026-09-06 09:51:39.927 PKT [17716] FATAL:  the database system is starting up
2026-09-06 09:51:40.551 PKT [10104] LOG:  database system was not properly shut down; automatic recovery in progress
2026-09-06 09:51:40.556 PKT [10104] LOG:  redo starts at 0/26F5CA0
2026-09-06 09:51:40.557 PKT [10104] LOG:  invalid record length at 0/26F5DA8: expected at least 24, got 0
2026-09-06 09:51:40.557 PKT [10104] LOG:  redo done at 0/26F5D70 system usage: CPU: user: 0.00 s, system: 0.00 s, elapsed: 0.00 s
2026-09-06 09:51:40.580 PKT [11296] LOG:  checkpoint starting: end-of-recovery immediate wait
2026-09-06 09:51:40.606 PKT [11296] LOG:  checkpoint complete: wrote 0 buffers (0.0%), wrote 2 SLRU buffers; 0 WAL file(s) added, 0 removed, 0 recycled; write=0.006 s, sync=0.004 s, total=0.039 s; sync files=3, longest=0.002 s, average=0.002 s; distance=0 kB, estimate=0 kB; lsn=0/26F5DA8, redo lsn=0/26F5DA8
2026-09-06 09:51:40.622 PKT [3680] LOG:  database system is ready to accept connections
2026-09-06 09:51:41.117 PKT [9844] FATAL:  role "muhammad sadoon" does not exist
2026-09-06 10:04:56.688 PKT [2544] LOG:  could not receive data from client: An existing connection was forcibly closed by the remote host.
	
2026-09-06 10:06:40.634 PKT [11296] LOG:  checkpoint starting: time
2026-09-06 10:06:49.095 PKT [11296] LOG:  checkpoint complete: wrote 77 buffers (0.5%), wrote 1 SLRU buffers; 0 WAL file(s) added, 0 removed, 0 recycled; write=8.399 s, sync=0.048 s, total=8.464 s; sync files=54, longest=0.002 s, average=0.001 s; distance=375 kB, estimate=375 kB; lsn=0/2753B60, redo lsn=0/2753B08
2026-09-06 10:11:40.098 PKT [11296] LOG:  checkpoint starting: time
2026-09-06 10:11:41.432 PKT [11296] LOG:  checkpoint complete: wrote 12 buffers (0.1%), wrote 1 SLRU buffers; 0 WAL file(s) added, 0 removed, 0 recycled; write=1.309 s, sync=0.018 s, total=1.334 s; sync files=13, longest=0.004 s, average=0.002 s; distance=27 kB, estimate=340 kB; lsn=0/275A908, redo lsn=0/275A878
2026-09-06 10:16:40.433 PKT [11296] LOG:  checkpoint starting: time
2026-09-06 10:16:40.759 PKT [11296] LOG:  checkpoint complete: wrote 3 buffers (0.0%), wrote 0 SLRU buffers; 0 WAL file(s) added, 0 removed, 0 recycled; write=0.309 s, sync=0.006 s, total=0.327 s; sync files=3, longest=0.002 s, average=0.002 s; distance=7 kB, estimate=307 kB; lsn=0/275C500, redo lsn=0/275C4A8
2026-09-06 10:21:40.774 PKT [11296] LOG:  checkpoint starting: time
2026-09-06 10:21:41.135 PKT [11296] LOG:  checkpoint complete: wrote 3 buffers (0.0%), wrote 1 SLRU buffers; 0 WAL file(s) added, 0 removed, 0 recycled; write=0.329 s, sync=0.009 s, total=0.361 s; sync files=4, longest=0.004 s, average=0.003 s; distance=13 kB, estimate=277 kB; lsn=0/275FD08, redo lsn=0/275FC78
2026-09-06 10:26:40.135 PKT [11296] LOG:  checkpoint starting: time
2026-09-06 10:26:40.556 PKT [11296] LOG:  checkpoint complete: wrote 4 buffers (0.0%), wrote 1 SLRU buffers; 0 WAL file(s) added, 0 removed, 0 recycled; write=0.410 s, sync=0.005 s, total=0.422 s; sync files=5, longest=0.002 s, average=0.001 s; distance=13 kB, estimate=251 kB; lsn=0/2763188, redo lsn=0/2763130
2026-09-06 10:31:40.555 PKT [11296] LOG:  checkpoint starting: time
2026-09-06 10:31:42.663 PKT [11296] LOG:  checkpoint complete: wrote 19 buffers (0.1%), wrote 3 SLRU buffers; 0 WAL file(s) added, 0 removed, 0 recycled; write=2.047 s, sync=0.047 s, total=2.109 s; sync files=22, longest=0.005 s, average=0.003 s; distance=62 kB, estimate=232 kB; lsn=0/2772B58, redo lsn=0/2772B00
2026-09-06 10:36:40.679 PKT [11296] LOG:  checkpoint starting: time
2026-09-06 10:36:42.153 PKT [11296] LOG:  checkpoint complete: wrote 14 buffers (0.1%), wrote 3 SLRU buffers; 0 WAL file(s) added, 0 removed, 0 recycled; write=1.448 s, sync=0.016 s, total=1.474 s; sync files=17, longest=0.002 s, average=0.001 s; distance=40 kB, estimate=213 kB; lsn=0/277CD38, redo lsn=0/277CCE0
2026-09-06 10:41:40.156 PKT [11296] LOG:  checkpoint starting: time
2026-09-06 10:41:40.862 PKT [11296] LOG:  checkpoint complete: wrote 6 buffers (0.0%), wrote 1 SLRU buffers; 0 WAL file(s) added, 0 removed, 0 recycled; write=0.687 s, sync=0.005 s, total=0.707 s; sync files=7, longest=0.002 s, average=0.001 s; distance=23 kB, estimate=194 kB; lsn=0/2782A18, redo lsn=0/2782988
2026-09-06 10:46:40.868 PKT [11296] LOG:  checkpoint starting: time
2026-09-06 10:46:40.991 PKT [11296] LOG:  checkpoint complete: wrote 1 buffers (0.0%), wrote 1 SLRU buffers; 0 WAL file(s) added, 0 removed, 0 recycled; write=0.108 s, sync=0.005 s, total=0.123 s; sync files=2, longest=0.003 s, average=0.003 s; distance=4 kB, estimate=175 kB; lsn=0/2783BC8, redo lsn=0/2783B70
2026-09-06 11:41:41.147 PKT [11296] LOG:  checkpoint starting: time
2026-09-06 11:41:41.302 PKT [11296] LOG:  checkpoint complete: wrote 1 buffers (0.0%), wrote 0 SLRU buffers; 0 WAL file(s) added, 0 removed, 0 recycled; write=0.113 s, sync=0.003 s, total=0.161 s; sync files=1, longest=0.003 s, average=0.003 s; distance=2 kB, estimate=158 kB; lsn=0/27845C0, redo lsn=0/2784568
2026-09-06 11:55:36.069 PKT [15188] LOG:  could not receive data from client: An existing connection was forcibly closed by the remote host.
	
2026-09-06 11:55:36.070 PKT [240] LOG:  could not receive data from client: An existing connection was forcibly closed by the remote host.
	
2026-09-06 11:55:36.072 PKT [8876] LOG:  could not receive data from client: An existing connection was forcibly closed by the remote host.
	
2026-09-06 11:55:36.073 PKT [6352] LOG:  could not receive data from client: An existing connection was forcibly closed by the remote host.
	
2026-09-06 11:55:36.072 PKT [6468] LOG:  could not receive data from client: An existing connection was forcibly closed by the remote host.
	
2026-09-06 11:56:41.338 PKT [11296] LOG:  checkpoint starting: time
2026-09-06 11:56:42.818 PKT [11296] LOG:  checkpoint complete: wrote 13 buffers (0.1%), wrote 1 SLRU buffers; 0 WAL file(s) added, 0 removed, 0 recycled; write=1.439 s, sync=0.012 s, total=1.484 s; sync files=14, longest=0.002 s, average=0.001 s; distance=35 kB, estimate=145 kB; lsn=0/278D470, redo lsn=0/278D418
2026-09-06 12:01:13.416 PKT [5532] LOG:  could not receive data from client: An existing connection was forcibly closed by the remote host.
	
2026-09-06 12:01:13.417 PKT [18100] LOG:  could not receive data from client: An existing connection was forcibly closed by the remote host.
	
2026-09-06 12:01:13.419 PKT [8284] LOG:  could not receive data from client: An existing connection was forcibly closed by the remote host.
	
2026-09-06 12:01:41.837 PKT [11296] LOG:  checkpoint starting: time
2026-09-06 12:01:42.223 PKT [11296] LOG:  checkpoint complete: wrote 3 buffers (0.0%), wrote 0 SLRU buffers; 0 WAL file(s) added, 0 removed, 0 recycled; write=0.375 s, sync=0.002 s, total=0.387 s; sync files=3, longest=0.001 s, average=0.001 s; distance=12 kB, estimate=132 kB; lsn=0/2790578, redo lsn=0/2790520
2026-09-06 12:06:41.232 PKT [11296] LOG:  checkpoint starting: time
2026-09-06 12:06:42.897 PKT [11296] LOG:  checkpoint complete: wrote 13 buffers (0.1%), wrote 1 SLRU buffers; 0 WAL file(s) added, 0 removed, 0 recycled; write=1.481 s, sync=0.017 s, total=1.666 s; sync files=14, longest=0.005 s, average=0.002 s; distance=37 kB, estimate=122 kB; lsn=0/2799CA8, redo lsn=0/2799C50
2026-09-06 12:16:41.907 PKT [11296] LOG:  checkpoint starting: time
2026-09-06 12:16:43.208 PKT [11296] LOG:  checkpoint complete: wrote 11 buffers (0.1%), wrote 1 SLRU buffers; 0 WAL file(s) added, 0 removed, 0 recycled; write=1.261 s, sync=0.020 s, total=1.304 s; sync files=12, longest=0.004 s, average=0.002 s; distance=39 kB, estimate=114 kB; lsn=0/27A3A58, redo lsn=0/27A3A00
2026-09-06 12:21:41.214 PKT [11296] LOG:  checkpoint starting: time
2026-09-06 12:21:42.393 PKT [11296] LOG:  checkpoint complete: wrote 10 buffers (0.1%), wrote 1 SLRU buffers; 0 WAL file(s) added, 0 removed, 0 recycled; write=1.139 s, sync=0.019 s, total=1.180 s; sync files=8, longest=0.005 s, average=0.003 s; distance=44 kB, estimate=107 kB; lsn=0/27AECE0, redo lsn=0/27AEC88
2026-09-06 12:22:06.840 PKT [5988] LOG:  could not receive data from client: An existing connection was forcibly closed by the remote host.
	
2026-09-06 12:22:06.840 PKT [7468] LOG:  could not receive data from client: An existing connection was forcibly closed by the remote host.
	
2026-09-06 12:22:06.841 PKT [8848] LOG:  could not receive data from client: An existing connection was forcibly closed by the remote host.
	
2026-09-06 12:22:06.851 PKT [6248] LOG:  could not receive data from client: An existing connection was forcibly closed by the remote host.
	
2026-09-06 12:22:06.851 PKT [4696] LOG:  could not receive data from client: An existing connection was forcibly closed by the remote host.
	
2026-09-06 12:26:41.396 PKT [11296] LOG:  checkpoint starting: time
2026-09-06 12:26:42.429 PKT [11296] LOG:  checkpoint complete: wrote 9 buffers (0.1%), wrote 1 SLRU buffers; 0 WAL file(s) added, 0 removed, 0 recycled; write=0.991 s, sync=0.031 s, total=1.034 s; sync files=10, longest=0.020 s, average=0.003 s; distance=43 kB, estimate=101 kB; lsn=0/27B9C30, redo lsn=0/27B9BD8
2026-09-06 17:40:45.988 PKT [2284] LOG:  starting PostgreSQL 18.4 on x86_64-windows, compiled by msvc-19.44.35226, 64-bit
2026-09-06 17:40:45.993 PKT [2284] LOG:  listening on IPv6 address "::1", port 5432
2026-09-06 17:40:45.993 PKT [2284] LOG:  listening on IPv4 address "127.0.0.1", port 5432
2026-09-06 17:40:46.176 PKT [6780] LOG:  database system was interrupted; last known up at 2026-09-06 12:26:42 PKT
2026-09-06 17:40:48.644 PKT [6780] LOG:  database system was not properly shut down; automatic recovery in progress
2026-09-06 17:40:48.658 PKT [6780] LOG:  redo starts at 0/27B9BD8
2026-09-06 17:40:48.658 PKT [6780] LOG:  invalid record length at 0/27B9CE0: expected at least 24, got 0
2026-09-06 17:40:48.659 PKT [6780] LOG:  redo done at 0/27B9CA8 system usage: CPU: user: 0.00 s, system: 0.00 s, elapsed: 0.00 s
2026-09-06 17:40:48.684 PKT [15052] LOG:  checkpoint starting: end-of-recovery immediate wait
2026-09-06 17:40:48.724 PKT [15052] LOG:  checkpoint complete: wrote 0 buffers (0.0%), wrote 2 SLRU buffers; 0 WAL file(s) added, 0 removed, 0 recycled; write=0.004 s, sync=0.004 s, total=0.052 s; sync files=3, longest=0.002 s, average=0.002 s; distance=0 kB, estimate=0 kB; lsn=0/27B9CE0, redo lsn=0/27B9CE0
2026-09-06 17:40:48.741 PKT [2284] LOG:  database system is ready to accept connections
2026-09-06 17:45:48.728 PKT [15052] LOG:  checkpoint starting: time
2026-09-06 17:45:48.856 PKT [15052] LOG:  checkpoint complete: wrote 1 buffers (0.0%), wrote 0 SLRU buffers; 0 WAL file(s) added, 0 removed, 0 recycled; write=0.112 s, sync=0.002 s, total=0.129 s; sync files=1, longest=0.002 s, average=0.002 s; distance=5 kB, estimate=5 kB; lsn=0/27BB230, redo lsn=0/27BB1D8
2026-09-06 17:55:48.882 PKT [15052] LOG:  checkpoint starting: time
2026-09-06 17:55:49.119 PKT [15052] LOG:  checkpoint complete: wrote 2 buffers (0.0%), wrote 0 SLRU buffers; 0 WAL file(s) added, 0 removed, 0 recycled; write=0.220 s, sync=0.003 s, total=0.239 s; sync files=2, longest=0.002 s, average=0.002 s; distance=7 kB, estimate=7 kB; lsn=0/27BD1F0, redo lsn=0/27BD198
2026-09-06 19:25:48.295 PKT [15052] LOG:  checkpoint starting: time
2026-09-06 19:25:48.830 PKT [15052] LOG:  checkpoint complete: wrote 4 buffers (0.0%), wrote 3 SLRU buffers; 0 WAL file(s) added, 0 removed, 0 recycled; write=0.462 s, sync=0.017 s, total=0.540 s; sync files=7, longest=0.004 s, average=0.003 s; distance=14 kB, estimate=14 kB; lsn=0/27C0E10, redo lsn=0/27C0D80
2026-09-06 20:22:09.151 PKT [13672] LOG:  could not receive data from client: An existing connection was forcibly closed by the remote host.
	
2026-09-06 20:22:09.152 PKT [20092] LOG:  could not receive data from client: An existing connection was forcibly closed by the remote host.
	
2026-09-06 20:22:09.152 PKT [16872] LOG:  could not receive data from client: An existing connection was forcibly closed by the remote host.
	
2026-09-06 20:22:09.153 PKT [21484] LOG:  could not receive data from client: An existing connection was forcibly closed by the remote host.
	
2026-09-06 20:22:09.152 PKT [14060] LOG:  could not receive data from client: An existing connection was forcibly closed by the remote host.
	
2026-09-06 20:25:48.928 PKT [15052] LOG:  checkpoint starting: time
2026-09-06 20:25:49.031 PKT [15052] LOG:  checkpoint complete: wrote 1 buffers (0.0%), wrote 0 SLRU buffers; 0 WAL file(s) added, 0 removed, 0 recycled; write=0.091 s, sync=0.001 s, total=0.105 s; sync files=1, longest=0.001 s, average=0.001 s; distance=7 kB, estimate=14 kB; lsn=0/27C2D50, redo lsn=0/27C2CF8
2026-09-06 21:05:48.092 PKT [15052] LOG:  checkpoint starting: time
2026-09-06 21:05:48.658 PKT [15052] LOG:  checkpoint complete: wrote 5 buffers (0.0%), wrote 1 SLRU buffers; 0 WAL file(s) added, 0 removed, 0 recycled; write=0.536 s, sync=0.005 s, total=0.571 s; sync files=6, longest=0.002 s, average=0.001 s; distance=21 kB, estimate=21 kB; lsn=0/27C82D0, redo lsn=0/27C8278
2026-09-06 21:10:48.662 PKT [15052] LOG:  checkpoint starting: time
2026-09-06 21:10:48.995 PKT [15052] LOG:  checkpoint complete: wrote 3 buffers (0.0%), wrote 1 SLRU buffers; 0 WAL file(s) added, 0 removed, 0 recycled; write=0.309 s, sync=0.008 s, total=0.334 s; sync files=4, longest=0.003 s, average=0.002 s; distance=14 kB, estimate=20 kB; lsn=0/27CBE40, redo lsn=0/27CBDE8
2026-09-07 13:21:40.865 PKT [19732] LOG:  starting PostgreSQL 18.4 on x86_64-windows, compiled by msvc-19.44.35226, 64-bit
2026-09-07 13:21:40.873 PKT [19732] LOG:  listening on IPv6 address "::1", port 5432
2026-09-07 13:21:40.873 PKT [19732] LOG:  listening on IPv4 address "127.0.0.1", port 5432
2026-09-07 13:21:41.080 PKT [15172] LOG:  database system was interrupted; last known up at 2026-09-06 21:10:48 PKT
2026-09-07 13:21:44.955 PKT [15172] LOG:  database system was not properly shut down; automatic recovery in progress
2026-09-07 13:21:44.960 PKT [15172] LOG:  redo starts at 0/27CBDE8
2026-09-07 13:21:44.960 PKT [15172] LOG:  invalid record length at 0/27CBEF0: expected at least 24, got 0
2026-09-07 13:21:44.960 PKT [15172] LOG:  redo done at 0/27CBEB8 system usage: CPU: user: 0.00 s, system: 0.00 s, elapsed: 0.00 s
2026-09-07 13:21:44.980 PKT [15436] LOG:  checkpoint starting: end-of-recovery immediate wait
2026-09-07 13:21:45.014 PKT [15436] LOG:  checkpoint complete: wrote 0 buffers (0.0%), wrote 2 SLRU buffers; 0 WAL file(s) added, 0 removed, 0 recycled; write=0.005 s, sync=0.005 s, total=0.045 s; sync files=3, longest=0.002 s, average=0.002 s; distance=0 kB, estimate=0 kB; lsn=0/27CBEF0, redo lsn=0/27CBEF0
2026-09-07 13:21:45.036 PKT [19732] LOG:  database system is ready to accept connections
2026-09-07 13:31:07.776 PKT [21172] LOG:  could not receive data from client: An existing connection was forcibly closed by the remote host.
	
2026-09-07 13:31:07.776 PKT [21340] LOG:  could not receive data from client: An existing connection was forcibly closed by the remote host.
	
2026-09-07 13:31:07.776 PKT [18080] LOG:  could not receive data from client: An existing connection was forcibly closed by the remote host.
	
2026-09-07 13:31:44.027 PKT [15436] LOG:  checkpoint starting: time
2026-09-07 13:31:44.935 PKT [15436] LOG:  checkpoint complete: wrote 8 buffers (0.0%), wrote 0 SLRU buffers; 0 WAL file(s) added, 0 removed, 0 recycled; write=0.887 s, sync=0.011 s, total=0.908 s; sync files=8, longest=0.003 s, average=0.002 s; distance=33 kB, estimate=33 kB; lsn=0/27D4358, redo lsn=0/27D4300
2026-09-07 13:36:44.936 PKT [15436] LOG:  checkpoint starting: time
2026-09-07 13:36:45.507 PKT [15436] LOG:  checkpoint complete: wrote 5 buffers (0.0%), wrote 1 SLRU buffers; 0 WAL file(s) added, 0 removed, 0 recycled; write=0.545 s, sync=0.008 s, total=0.571 s; sync files=6, longest=0.005 s, average=0.002 s; distance=22 kB, estimate=31 kB; lsn=0/27D9CB8, redo lsn=0/27D9C28
2026-09-07 13:51:44.533 PKT [15436] LOG:  checkpoint starting: time
2026-09-07 13:51:45.098 PKT [15436] LOG:  checkpoint complete: wrote 5 buffers (0.0%), wrote 1 SLRU buffers; 0 WAL file(s) added, 0 removed, 0 recycled; write=0.546 s, sync=0.007 s, total=0.566 s; sync files=6, longest=0.003 s, average=0.002 s; distance=23 kB, estimate=31 kB; lsn=0/27DFB48, redo lsn=0/27DFAB8
2026-09-07 14:11:44.128 PKT [15436] LOG:  checkpoint starting: time
2026-09-07 14:11:44.612 PKT [15436] LOG:  checkpoint complete: wrote 4 buffers (0.0%), wrote 3 SLRU buffers; 0 WAL file(s) added, 0 removed, 0 recycled; write=0.460 s, sync=0.015 s, total=0.484 s; sync files=7, longest=0.004 s, average=0.003 s; distance=16 kB, estimate=29 kB; lsn=0/27E3BC0, redo lsn=0/27E3B68
2026-09-07 14:16:44.625 PKT [15436] LOG:  checkpoint starting: time
2026-09-07 14:16:50.139 PKT [15436] LOG:  checkpoint complete: wrote 47 buffers (0.3%), wrote 1 SLRU buffers; 0 WAL file(s) added, 0 removed, 0 recycled; write=5.473 s, sync=0.031 s, total=5.515 s; sync files=40, longest=0.002 s, average=0.001 s; distance=242 kB, estimate=242 kB; lsn=0/2820650, redo lsn=0/28205F8
2026-09-07 14:21:44.142 PKT [15436] LOG:  checkpoint starting: time
2026-09-07 14:21:46.169 PKT [15436] LOG:  checkpoint complete: wrote 18 buffers (0.1%), wrote 1 SLRU buffers; 0 WAL file(s) added, 0 removed, 0 recycled; write=2.006 s, sync=0.014 s, total=2.028 s; sync files=15, longest=0.002 s, average=0.001 s; distance=68 kB, estimate=225 kB; lsn=0/2834270, redo lsn=0/2831778
2026-09-07 14:21:59.963 PKT [14948] LOG:  could not receive data from client: An existing connection was forcibly closed by the remote host.
	
2026-09-07 14:21:59.965 PKT [4492] LOG:  could not receive data from client: An existing connection was forcibly closed by the remote host.
	
2026-09-07 14:21:59.966 PKT [16212] LOG:  could not receive data from client: An existing connection was forcibly closed by the remote host.
	
2026-09-07 14:21:59.966 PKT [9744] LOG:  could not receive data from client: An existing connection was forcibly closed by the remote host.
	
2026-09-07 14:21:59.966 PKT [15304] LOG:  could not receive data from client: An existing connection was forcibly closed by the remote host.
	
2026-09-07 14:26:44.164 PKT [15436] LOG:  checkpoint starting: time
2026-09-07 14:26:44.488 PKT [15436] LOG:  checkpoint complete: wrote 3 buffers (0.0%), wrote 0 SLRU buffers; 0 WAL file(s) added, 0 removed, 0 recycled; write=0.312 s, sync=0.003 s, total=0.324 s; sync files=3, longest=0.001 s, average=0.001 s; distance=11 kB, estimate=203 kB; lsn=0/2834790, redo lsn=0/2834738
2026-09-07 14:46:44.520 PKT [15436] LOG:  checkpoint starting: time
2026-09-07 14:46:46.119 PKT [15436] LOG:  checkpoint complete: wrote 14 buffers (0.1%), wrote 1 SLRU buffers; 0 WAL file(s) added, 0 removed, 0 recycled; write=1.558 s, sync=0.029 s, total=1.600 s; sync files=15, longest=0.004 s, average=0.002 s; distance=49 kB, estimate=188 kB; lsn=0/2840BD8, redo lsn=0/2840B80
2026-09-07 15:06:44.149 PKT [15436] LOG:  checkpoint starting: time
2026-09-07 15:06:44.590 PKT [15436] LOG:  checkpoint complete: wrote 4 buffers (0.0%), wrote 1 SLRU buffers; 0 WAL file(s) added, 0 removed, 0 recycled; write=0.421 s, sync=0.007 s, total=0.446 s; sync files=5, longest=0.002 s, average=0.002 s; distance=17 kB, estimate=171 kB; lsn=0/2845080, redo lsn=0/2845028
2026-09-07 15:09:55.284 PKT [20584] LOG:  could not receive data from client: An existing connection was forcibly closed by the remote host.
	
2026-09-07 15:09:55.316 PKT [12672] LOG:  could not receive data from client: An existing connection was forcibly closed by the remote host.
	
2026-09-07 15:09:55.317 PKT [17620] LOG:  could not receive data from client: An existing connection was forcibly closed by the remote host.
	
2026-09-07 15:09:55.316 PKT [7116] LOG:  could not receive data from client: An existing connection was forcibly closed by the remote host.
	
2026-09-07 15:09:55.327 PKT [656] LOG:  could not receive data from client: An existing connection was forcibly closed by the remote host.
	
2026-09-07 15:11:44.587 PKT [15436] LOG:  checkpoint starting: time
2026-09-07 15:11:44.950 PKT [15436] LOG:  checkpoint complete: wrote 3 buffers (0.0%), wrote 1 SLRU buffers; 0 WAL file(s) added, 0 removed, 0 recycled; write=0.344 s, sync=0.006 s, total=0.364 s; sync files=4, longest=0.003 s, average=0.002 s; distance=17 kB, estimate=155 kB; lsn=0/284B840, redo lsn=0/28497B0
2026-09-07 15:21:44.971 PKT [15436] LOG:  checkpoint starting: time
2026-09-07 15:21:45.545 PKT [15436] LOG:  checkpoint complete: wrote 5 buffers (0.0%), wrote 1 SLRU buffers; 0 WAL file(s) added, 0 removed, 0 recycled; write=0.535 s, sync=0.021 s, total=0.575 s; sync files=6, longest=0.013 s, average=0.004 s; distance=25 kB, estimate=142 kB; lsn=0/284FE00, redo lsn=0/284FDA8
2026-09-07 15:51:44.622 PKT [15436] LOG:  checkpoint starting: time
2026-09-07 15:51:49.670 PKT [15436] LOG:  checkpoint complete: wrote 44 buffers (0.3%), wrote 1 SLRU buffers; 0 WAL file(s) added, 0 removed, 0 recycled; write=4.923 s, sync=0.107 s, total=5.050 s; sync files=27, longest=0.048 s, average=0.004 s; distance=239 kB, estimate=239 kB; lsn=0/288BD40, redo lsn=0/288BCE8
2026-09-07 16:01:44.693 PKT [15436] LOG:  checkpoint starting: time
2026-09-07 16:01:46.288 PKT [15436] LOG:  checkpoint complete: wrote 14 buffers (0.1%), wrote 1 SLRU buffers; 0 WAL file(s) added, 0 removed, 0 recycled; write=1.526 s, sync=0.028 s, total=1.596 s; sync files=13, longest=0.018 s, average=0.003 s; distance=64 kB, estimate=222 kB; lsn=0/289BDB0, redo lsn=0/289BD58
2026-09-07 16:13:59.455 PKT [21272] LOG:  could not receive data from client: An existing connection was forcibly closed by the remote host.
	
2026-09-07 16:13:59.456 PKT [3124] LOG:  could not receive data from client: An existing connection was forcibly closed by the remote host.
	
2026-09-07 16:13:59.457 PKT [19508] LOG:  could not receive data from client: An existing connection was forcibly closed by the remote host.
	
2026-09-07 16:13:59.457 PKT [14052] LOG:  could not receive data from client: An existing connection was forcibly closed by the remote host.
	
2026-09-07 16:13:59.457 PKT [9776] LOG:  could not receive data from client: An existing connection was forcibly closed by the remote host.
	
2026-09-07 16:16:44.320 PKT [15436] LOG:  checkpoint starting: time
2026-09-07 16:16:45.675 PKT [15436] LOG:  checkpoint complete: wrote 12 buffers (0.1%), wrote 1 SLRU buffers; 0 WAL file(s) added, 0 removed, 0 recycled; write=1.310 s, sync=0.015 s, total=1.358 s; sync files=13, longest=0.002 s, average=0.002 s; distance=34 kB, estimate=203 kB; lsn=0/28A48E0, redo lsn=0/28A4888
2026-09-07 16:31:44.690 PKT [15436] LOG:  checkpoint starting: time
2026-09-07 16:31:45.488 PKT [15436] LOG:  checkpoint complete: wrote 7 buffers (0.0%), wrote 1 SLRU buffers; 0 WAL file(s) added, 0 removed, 0 recycled; write=0.777 s, sync=0.007 s, total=0.799 s; sync files=8, longest=0.002 s, average=0.001 s; distance=30 kB, estimate=186 kB; lsn=0/28AC1E0, redo lsn=0/28AC188
2026-09-07 16:36:44.492 PKT [15436] LOG:  checkpoint starting: time
2026-09-07 16:36:45.752 PKT [15436] LOG:  checkpoint complete: wrote 11 buffers (0.1%), wrote 1 SLRU buffers; 0 WAL file(s) added, 0 removed, 0 recycled; write=1.221 s, sync=0.015 s, total=1.260 s; sync files=10, longest=0.003 s, average=0.002 s; distance=54 kB, estimate=173 kB; lsn=0/28B9BA8, redo lsn=0/28B9B50
2026-09-07 16:41:44.768 PKT [15436] LOG:  checkpoint starting: time
2026-09-07 16:41:45.469 PKT [15436] LOG:  checkpoint complete: wrote 6 buffers (0.0%), wrote 1 SLRU buffers; 0 WAL file(s) added, 0 removed, 0 recycled; write=0.675 s, sync=0.007 s, total=0.702 s; sync files=6, longest=0.002 s, average=0.002 s; distance=13 kB, estimate=157 kB; lsn=0/28BD190, redo lsn=0/28BD138
2026-09-07 16:46:44.475 PKT [15436] LOG:  checkpoint starting: time
2026-09-07 16:46:44.616 PKT [15436] LOG:  checkpoint complete: wrote 1 buffers (0.0%), wrote 0 SLRU buffers; 0 WAL file(s) added, 0 removed, 0 recycled; write=0.120 s, sync=0.002 s, total=0.142 s; sync files=1, longest=0.002 s, average=0.002 s; distance=0 kB, estimate=141 kB; lsn=0/28BD3D0, redo lsn=0/28BD378
2026-09-07 16:50:50.723 PKT [19004] LOG:  could not receive data from client: An existing connection was forcibly closed by the remote host.
	
2026-09-07 16:50:50.723 PKT [15120] LOG:  could not receive data from client: An existing connection was forcibly closed by the remote host.
	
2026-09-07 16:50:50.723 PKT [16372] LOG:  could not receive data from client: An existing connection was forcibly closed by the remote host.
	
2026-09-07 16:50:50.723 PKT [15176] LOG:  could not receive data from client: An existing connection was forcibly closed by the remote host.
	
2026-09-07 16:50:50.723 PKT [17984] LOG:  could not receive data from client: An existing connection was forcibly closed by the remote host.
	
2026-09-07 17:11:44.668 PKT [15436] LOG:  checkpoint starting: time
2026-09-07 17:11:45.480 PKT [15436] LOG:  checkpoint complete: wrote 7 buffers (0.0%), wrote 1 SLRU buffers; 0 WAL file(s) added, 0 removed, 0 recycled; write=0.765 s, sync=0.022 s, total=0.815 s; sync files=8, longest=0.011 s, average=0.003 s; distance=24 kB, estimate=129 kB; lsn=0/28C3410, redo lsn=0/28C33B8
2026-09-07 17:26:44.513 PKT [15436] LOG:  checkpoint starting: time
2026-09-07 17:26:45.826 PKT [15436] LOG:  checkpoint complete: wrote 10 buffers (0.1%), wrote 1 SLRU buffers; 0 WAL file(s) added, 0 removed, 0 recycled; write=1.253 s, sync=0.032 s, total=1.328 s; sync files=11, longest=0.014 s, average=0.003 s; distance=30 kB, estimate=119 kB; lsn=0/28CAF68, redo lsn=0/28CAF10
2026-09-07 17:31:44.829 PKT [15436] LOG:  checkpoint starting: time
2026-09-07 17:31:45.808 PKT [15436] LOG:  checkpoint complete: wrote 9 buffers (0.1%), wrote 1 SLRU buffers; 0 WAL file(s) added, 0 removed, 0 recycled; write=0.965 s, sync=0.007 s, total=0.980 s; sync files=10, longest=0.002 s, average=0.001 s; distance=41 kB, estimate=111 kB; lsn=0/28D55B0, redo lsn=0/28D5558
2026-09-07 17:36:44.826 PKT [15436] LOG:  checkpoint starting: time
2026-09-07 17:36:45.582 PKT [15436] LOG:  checkpoint complete: wrote 7 buffers (0.0%), wrote 1 SLRU buffers; 0 WAL file(s) added, 0 removed, 0 recycled; write=0.744 s, sync=0.005 s, total=0.757 s; sync files=8, longest=0.001 s, average=0.001 s; distance=22 kB, estimate=103 kB; lsn=0/28DAFA0, redo lsn=0/28DAF48
2026-09-07 18:28:40.203 PKT [20748] ERROR:  missing FROM-clause entry for table "d" at character 8
2026-09-07 18:28:40.203 PKT [20748] STATEMENT:  select d.name, d.email from doctors order by d.created_at
2026-09-07 18:31:44.649 PKT [15436] LOG:  checkpoint starting: time
2026-09-07 18:31:46.212 PKT [15436] LOG:  checkpoint complete: wrote 14 buffers (0.1%), wrote 1 SLRU buffers; 0 WAL file(s) added, 0 removed, 0 recycled; write=1.528 s, sync=0.018 s, total=1.569 s; sync files=8, longest=0.003 s, average=0.003 s; distance=89 kB, estimate=101 kB; lsn=0/28F1758, redo lsn=0/28F1700
2026-09-07 18:41:44.215 PKT [15436] LOG:  checkpoint starting: time
2026-09-07 18:41:49.808 PKT [15436] LOG:  checkpoint complete: wrote 51 buffers (0.3%), wrote 1 SLRU buffers; 0 WAL file(s) added, 0 removed, 0 recycled; write=5.552 s, sync=0.033 s, total=5.593 s; sync files=41, longest=0.003 s, average=0.001 s; distance=352 kB, estimate=352 kB; lsn=0/294B620, redo lsn=0/2949940
2026-09-07 18:46:44.822 PKT [15436] LOG:  checkpoint starting: time
2026-09-07 18:46:45.036 PKT [15436] LOG:  checkpoint complete: wrote 2 buffers (0.0%), wrote 0 SLRU buffers; 0 WAL file(s) added, 0 removed, 0 recycled; write=0.207 s, sync=0.001 s, total=0.215 s; sync files=1, longest=0.001 s, average=0.001 s; distance=16 kB, estimate=318 kB; lsn=0/294DD38, redo lsn=0/294DCE0
2026-09-07 18:51:44.043 PKT [15436] LOG:  checkpoint starting: time
2026-09-07 18:51:47.027 PKT [15436] LOG:  checkpoint complete: wrote 27 buffers (0.2%), wrote 1 SLRU buffers; 0 WAL file(s) added, 0 removed, 0 recycled; write=2.960 s, sync=0.015 s, total=2.984 s; sync files=17, longest=0.002 s, average=0.001 s; distance=102 kB, estimate=297 kB; lsn=0/29677B8, redo lsn=0/2967760
2026-09-07 18:56:44.048 PKT [15436] LOG:  checkpoint starting: time
2026-09-07 18:56:44.349 PKT [15436] LOG:  checkpoint complete: wrote 2 buffers (0.0%), wrote 0 SLRU buffers; 0 WAL file(s) added, 0 removed, 0 recycled; write=0.245 s, sync=0.002 s, total=0.302 s; sync files=2, longest=0.001 s, average=0.001 s; distance=1 kB, estimate=267 kB; lsn=0/2967C08, redo lsn=0/2967BB0
2026-09-07 19:06:44.368 PKT [15436] LOG:  checkpoint starting: time
2026-09-07 19:06:44.822 PKT [15436] LOG:  checkpoint complete: wrote 4 buffers (0.0%), wrote 1 SLRU buffers; 0 WAL file(s) added, 0 removed, 0 recycled; write=0.442 s, sync=0.005 s, total=0.455 s; sync files=5, longest=0.002 s, average=0.001 s; distance=21 kB, estimate=243 kB; lsn=0/296D128, redo lsn=0/296D0D0
2026-09-07 19:31:45.597 PKT [15436] LOG:  checkpoint starting: time
2026-09-07 19:31:48.912 PKT [15436] LOG:  checkpoint complete: wrote 9 buffers (0.1%), wrote 1 SLRU buffers; 0 WAL file(s) added, 0 removed, 0 recycled; write=1.289 s, sync=0.512 s, total=4.020 s; sync files=10, longest=0.164 s, average=0.052 s; distance=15 kB, estimate=220 kB; lsn=0/2970E68, redo lsn=0/2970E10
2026-09-07 19:36:44.946 PKT [15436] LOG:  checkpoint starting: time
2026-09-07 19:36:50.483 PKT [15436] LOG:  checkpoint complete: wrote 46 buffers (0.3%), wrote 1 SLRU buffers; 0 WAL file(s) added, 0 removed, 0 recycled; write=5.446 s, sync=0.063 s, total=5.538 s; sync files=38, longest=0.011 s, average=0.002 s; distance=274 kB, estimate=274 kB; lsn=0/29BA050, redo lsn=0/29B5948
2026-09-07 19:41:44.495 PKT [15436] LOG:  checkpoint starting: time
2026-09-07 19:41:44.961 PKT [15436] LOG:  checkpoint complete: wrote 4 buffers (0.0%), wrote 0 SLRU buffers; 0 WAL file(s) added, 0 removed, 0 recycled; write=0.447 s, sync=0.003 s, total=0.468 s; sync files=4, longest=0.002 s, average=0.001 s; distance=23 kB, estimate=249 kB; lsn=0/29BB958, redo lsn=0/29BB900
2026-09-07 19:46:44.971 PKT [15436] LOG:  checkpoint starting: time
2026-09-07 19:46:46.884 PKT [15436] LOG:  checkpoint complete: wrote 17 buffers (0.1%), wrote 1 SLRU buffers; 0 WAL file(s) added, 0 removed, 0 recycled; write=1.891 s, sync=0.014 s, total=1.914 s; sync files=15, longest=0.002 s, average=0.001 s; distance=59 kB, estimate=230 kB; lsn=0/29CA660, redo lsn=0/29CA608
2026-09-08 13:39:27.653 PKT [14164] LOG:  starting PostgreSQL 18.4 on x86_64-windows, compiled by msvc-19.44.35226, 64-bit
2026-09-08 13:39:27.660 PKT [14164] LOG:  listening on IPv6 address "::1", port 5432
2026-09-08 13:39:27.660 PKT [14164] LOG:  listening on IPv4 address "127.0.0.1", port 5432
2026-09-08 13:39:27.877 PKT [11112] LOG:  database system was interrupted; last known up at 2026-09-07 19:46:46 PKT
2026-09-08 13:39:32.031 PKT [11112] LOG:  database system was not properly shut down; automatic recovery in progress
2026-09-08 13:39:32.039 PKT [11112] LOG:  redo starts at 0/29CA608
2026-09-08 13:39:32.039 PKT [11112] LOG:  invalid record length at 0/29CA710: expected at least 24, got 0
2026-09-08 13:39:32.039 PKT [11112] LOG:  redo done at 0/29CA6D8 system usage: CPU: user: 0.00 s, system: 0.00 s, elapsed: 0.00 s
2026-09-08 13:39:32.063 PKT [21156] LOG:  checkpoint starting: end-of-recovery immediate wait
2026-09-08 13:39:32.097 PKT [21156] LOG:  checkpoint complete: wrote 0 buffers (0.0%), wrote 2 SLRU buffers; 0 WAL file(s) added, 0 removed, 0 recycled; write=0.005 s, sync=0.007 s, total=0.046 s; sync files=3, longest=0.003 s, average=0.003 s; distance=0 kB, estimate=0 kB; lsn=0/29CA710, redo lsn=0/29CA710
2026-09-08 13:39:32.115 PKT [14164] LOG:  database system is ready to accept connections
2026-09-08 14:09:32.142 PKT [21156] LOG:  checkpoint starting: time
2026-09-08 14:09:32.929 PKT [21156] LOG:  checkpoint complete: wrote 7 buffers (0.0%), wrote 1 SLRU buffers; 0 WAL file(s) added, 0 removed, 0 recycled; write=0.755 s, sync=0.018 s, total=0.787 s; sync files=8, longest=0.005 s, average=0.003 s; distance=35 kB, estimate=35 kB; lsn=0/29D3668, redo lsn=0/29D3610
2026-09-08 14:14:32.945 PKT [21156] LOG:  checkpoint starting: time
2026-09-08 14:14:33.749 PKT [21156] LOG:  checkpoint complete: wrote 7 buffers (0.0%), wrote 1 SLRU buffers; 0 WAL file(s) added, 0 removed, 0 recycled; write=0.778 s, sync=0.014 s, total=0.805 s; sync files=8, longest=0.004 s, average=0.002 s; distance=28 kB, estimate=34 kB; lsn=0/29DA748, redo lsn=0/29DA6F0
2026-09-08 14:19:32.753 PKT [21156] LOG:  checkpoint starting: time
2026-09-08 14:19:33.003 PKT [21156] LOG:  checkpoint complete: wrote 2 buffers (0.0%), wrote 0 SLRU buffers; 0 WAL file(s) added, 0 removed, 0 recycled; write=0.232 s, sync=0.004 s, total=0.251 s; sync files=2, longest=0.003 s, average=0.002 s; distance=7 kB, estimate=32 kB; lsn=0/29DC608, redo lsn=0/29DC5B0
2026-09-08 16:09:48.916 PKT [21156] LOG:  checkpoint starting: time
2026-09-08 16:09:49.415 PKT [21156] LOG:  checkpoint complete: wrote 4 buffers (0.0%), wrote 0 SLRU buffers; 0 WAL file(s) added, 0 removed, 0 recycled; write=0.434 s, sync=0.004 s, total=0.507 s; sync files=4, longest=0.002 s, average=0.001 s; distance=16 kB, estimate=30 kB; lsn=0/29E0738, redo lsn=0/29E06E0
2026-09-08 16:14:48.423 PKT [21156] LOG:  checkpoint starting: time
2026-09-08 16:14:55.154 PKT [21156] LOG:  checkpoint complete: wrote 61 buffers (0.4%), wrote 1 SLRU buffers; 0 WAL file(s) added, 0 removed, 0 recycled; write=6.662 s, sync=0.051 s, total=6.732 s; sync files=41, longest=0.008 s, average=0.002 s; distance=328 kB, estimate=328 kB; lsn=0/2A32B18, redo lsn=0/2A32A88
2026-09-08 16:19:48.206 PKT [21156] LOG:  checkpoint starting: time
2026-09-08 16:19:49.073 PKT [21156] LOG:  checkpoint complete: wrote 6 buffers (0.0%), wrote 1 SLRU buffers; 0 WAL file(s) added, 0 removed, 0 recycled; write=0.851 s, sync=0.009 s, total=0.868 s; sync files=7, longest=0.002 s, average=0.002 s; distance=33 kB, estimate=299 kB; lsn=0/2A3B170, redo lsn=0/2A3B118
2026-09-08 16:19:56.794 PKT [10772] ERROR:  null value in column "doctor_id" of relation "treatment_plans" violates not-null constraint
2026-09-08 16:19:56.794 PKT [10772] DETAIL:  Failing row contains (bd8a0736-de21-4ed6-b961-f6e323344fb0, 2190db55-2118-4e9d-96c6-b4066bea786d, d74b4da0-48c1-477e-8076-ff20188a169e, null, null, null, DRAFT, 2026-09-08 16:19:56.692727+05, 2026-09-08 16:19:56.692727+05).
2026-09-08 16:19:56.794 PKT [10772] STATEMENT:  INSERT INTO treatment_plans (id, practice_id, patient_id, doctor_id, consultation_note_id, title, status) VALUES ($1::UUID, $2::UUID, $3::UUID, $4::UUID, $5::UUID, $6::VARCHAR, $7::treatmentplanstatus) RETURNING treatment_plans.created_at, treatment_plans.updated_at
2026-09-08 16:20:14.193 PKT [6492] ERROR:  null value in column "email" of relation "doctors" violates not-null constraint
2026-09-08 16:20:14.193 PKT [6492] DETAIL:  Failing row contains (7ee6b7d4-ceb4-47af-9725-3aa72458bb66, 96551dbf-8b17-4402-a81f-30dfdd95481b, null, Dr. Smoke Test, null, null, null, null, null, null, [], t, 2026-09-08 16:20:14.141619+05, 2026-09-08 16:20:14.141619+05, [], [], [], {}, null, null).
2026-09-08 16:20:14.193 PKT [6492] STATEMENT:  INSERT INTO doctors (id, practice_id, user_id, name, email, phone, specialty, license_number, bio, photo_url, capabilities, permissions, qualifications, specializations, working_hours, commission_percent, signature_url, is_active) VALUES ($1::UUID, $2::UUID, $3::UUID, $4::VARCHAR, $5::VARCHAR, $6::VARCHAR, $7::VARCHAR, $8::VARCHAR, $9::VARCHAR, $10::VARCHAR, $11::JSONB, $12::JSONB, $13::JSONB, $14::JSONB, $15::JSONB, $16::NUMERIC(5, 2), $17::VARCHAR, $18::BOOLEAN) RETURNING doctors.created_at, doctors.updated_at
2026-09-08 16:20:26.451 PKT [14440] ERROR:  null value in column "title" of relation "treatment_plans" violates not-null constraint
2026-09-08 16:20:26.451 PKT [14440] DETAIL:  Failing row contains (ac139e51-4f07-4ccc-b6d6-2ed84ce02d70, 36cf3966-c647-4691-bbe5-432e9f53cdf7, 8b424d70-f3e2-4213-a3bd-d728b1daaf84, 64e5a9c5-01c6-4b2f-ba1e-75abf2c314a8, null, null, DRAFT, 2026-09-08 16:20:26.381601+05, 2026-09-08 16:20:26.381601+05).
2026-09-08 16:20:26.451 PKT [14440] STATEMENT:  INSERT INTO treatment_plans (id, practice_id, patient_id, doctor_id, consultation_note_id, title, status) VALUES ($1::UUID, $2::UUID, $3::UUID, $4::UUID, $5::UUID, $6::VARCHAR, $7::treatmentplanstatus) RETURNING treatment_plans.created_at, treatment_plans.updated_at
2026-09-08 16:24:48.085 PKT [21156] LOG:  checkpoint starting: time
2026-09-08 16:24:51.805 PKT [21156] LOG:  checkpoint complete: wrote 33 buffers (0.2%), wrote 1 SLRU buffers; 0 WAL file(s) added, 0 removed, 0 recycled; write=3.662 s, sync=0.041 s, total=3.721 s; sync files=32, longest=0.003 s, average=0.002 s; distance=108 kB, estimate=280 kB; lsn=0/2A561E8, redo lsn=0/2A56190
2026-09-08 16:25:05.965 PKT [11588] LOG:  could not receive data from client: An existing connection was forcibly closed by the remote host.
	
2026-09-08 16:25:05.966 PKT [2288] LOG:  could not receive data from client: An existing connection was forcibly closed by the remote host.
	
2026-09-08 16:25:05.966 PKT [8096] LOG:  could not receive data from client: An existing connection was forcibly closed by the remote host.
	
2026-09-08 16:25:05.972 PKT [11092] LOG:  could not receive data from client: An existing connection was forcibly closed by the remote host.
	
2026-09-08 16:25:05.973 PKT [6256] LOG:  could not receive data from client: An existing connection was forcibly closed by the remote host.
	
2026-09-08 16:49:48.942 PKT [21156] LOG:  checkpoint starting: time
2026-09-08 16:49:56.922 PKT [21156] LOG:  checkpoint complete: wrote 71 buffers (0.4%), wrote 1 SLRU buffers; 0 WAL file(s) added, 0 removed, 0 recycled; write=7.827 s, sync=0.140 s, total=7.982 s; sync files=64, longest=0.018 s, average=0.003 s; distance=320 kB, estimate=320 kB; lsn=0/2AA64C0, redo lsn=0/2AA6430
2026-09-08 16:51:11.085 PKT [18068] LOG:  could not receive data from client: An existing connection was forcibly closed by the remote host.
	
2026-09-08 16:51:11.085 PKT [3876] LOG:  could not receive data from client: An existing connection was forcibly closed by the remote host.
	
2026-09-08 16:51:11.085 PKT [18720] LOG:  could not receive data from client: An existing connection was forcibly closed by the remote host.
	
2026-09-08 16:51:11.087 PKT [14732] LOG:  could not receive data from client: An existing connection was forcibly closed by the remote host.
	
2026-09-08 16:54:48.932 PKT [21156] LOG:  checkpoint starting: time
2026-09-08 16:54:51.140 PKT [21156] LOG:  checkpoint complete: wrote 17 buffers (0.1%), wrote 1 SLRU buffers; 0 WAL file(s) added, 0 removed, 0 recycled; write=2.153 s, sync=0.034 s, total=2.209 s; sync files=15, longest=0.011 s, average=0.003 s; distance=59 kB, estimate=294 kB; lsn=0/2AB53E8, redo lsn=0/2AB5390
2026-09-08 16:59:48.165 PKT [21156] LOG:  checkpoint starting: time
2026-09-08 16:59:48.642 PKT [21156] LOG:  checkpoint complete: wrote 4 buffers (0.0%), wrote 1 SLRU buffers; 0 WAL file(s) added, 0 removed, 0 recycled; write=0.447 s, sync=0.009 s, total=0.478 s; sync files=5, longest=0.004 s, average=0.002 s; distance=13 kB, estimate=266 kB; lsn=0/2AB8980, redo lsn=0/2AB8928
2026-09-08 17:07:32.752 PKT [20144] LOG:  could not receive data from client: An existing connection was forcibly closed by the remote host.
	
2026-09-08 17:07:32.752 PKT [15368] LOG:  could not receive data from client: An existing connection was forcibly closed by the remote host.
	
2026-09-08 17:07:32.753 PKT [19384] LOG:  could not receive data from client: An existing connection was forcibly closed by the remote host.
	
2026-09-08 17:07:32.753 PKT [4152] LOG:  could not receive data from client: An existing connection was forcibly closed by the remote host.
	
2026-09-08 17:07:32.758 PKT [15012] LOG:  could not receive data from client: An existing connection was forcibly closed by the remote host.
	
2026-09-08 17:09:48.664 PKT [21156] LOG:  checkpoint starting: time
2026-09-08 17:09:49.377 PKT [21156] LOG:  checkpoint complete: wrote 6 buffers (0.0%), wrote 1 SLRU buffers; 0 WAL file(s) added, 0 removed, 0 recycled; write=0.676 s, sync=0.010 s, total=0.713 s; sync files=7, longest=0.004 s, average=0.002 s; distance=26 kB, estimate=242 kB; lsn=0/2ABF568, redo lsn=0/2ABF510
2026-09-08 17:14:48.387 PKT [21156] LOG:  checkpoint starting: time
2026-09-08 17:14:49.963 PKT [21156] LOG:  checkpoint complete: wrote 14 buffers (0.1%), wrote 1 SLRU buffers; 0 WAL file(s) added, 0 removed, 0 recycled; write=1.548 s, sync=0.019 s, total=1.577 s; sync files=15, longest=0.003 s, average=0.002 s; distance=51 kB, estimate=223 kB; lsn=0/2ACC2A8, redo lsn=0/2ACC250
2026-09-08 17:14:51.368 PKT [19256] LOG:  could not receive data from client: An existing connection was forcibly closed by the remote host.
	
2026-09-08 17:14:51.368 PKT [15324] LOG:  could not receive data from client: An existing connection was forcibly closed by the remote host.
	
2026-09-08 17:14:51.369 PKT [8256] LOG:  could not receive data from client: An existing connection was forcibly closed by the remote host.
	
2026-09-08 17:14:51.372 PKT [10528] LOG:  could not receive data from client: An existing connection was forcibly closed by the remote host.
	
2026-09-08 17:14:51.372 PKT [8284] LOG:  could not receive data from client: An existing connection was forcibly closed by the remote host.
	
2026-09-08 17:44:49.014 PKT [21156] LOG:  checkpoint starting: time
2026-09-08 17:44:50.020 PKT [21156] LOG:  checkpoint complete: wrote 9 buffers (0.1%), wrote 1 SLRU buffers; 0 WAL file(s) added, 0 removed, 0 recycled; write=0.975 s, sync=0.014 s, total=1.010 s; sync files=8, longest=0.003 s, average=0.002 s; distance=44 kB, estimate=205 kB; lsn=0/2AD72F8, redo lsn=0/2AD72A0
2026-09-08 17:49:49.033 PKT [21156] LOG:  checkpoint starting: time
2026-09-08 17:49:49.701 PKT [21156] LOG:  checkpoint complete: wrote 6 buffers (0.0%), wrote 1 SLRU buffers; 0 WAL file(s) added, 0 removed, 0 recycled; write=0.649 s, sync=0.013 s, total=0.669 s; sync files=7, longest=0.004 s, average=0.002 s; distance=22 kB, estimate=187 kB; lsn=0/2ADCD18, redo lsn=0/2ADCCC0
2026-09-08 17:54:49.693 PKT [21156] LOG:  checkpoint starting: time
2026-09-08 17:54:49.922 PKT [21156] LOG:  checkpoint complete: wrote 2 buffers (0.0%), wrote 0 SLRU buffers; 0 WAL file(s) added, 0 removed, 0 recycled; write=0.212 s, sync=0.002 s, total=0.229 s; sync files=2, longest=0.002 s, average=0.001 s; distance=7 kB, estimate=169 kB; lsn=0/2ADEBA8, redo lsn=0/2ADEB50
2026-09-08 17:59:49.925 PKT [21156] LOG:  checkpoint starting: time
2026-09-08 17:59:53.158 PKT [21156] LOG:  checkpoint complete: wrote 29 buffers (0.2%), wrote 1 SLRU buffers; 0 WAL file(s) added, 0 removed, 0 recycled; write=3.208 s, sync=0.018 s, total=3.234 s; sync files=28, longest=0.002 s, average=0.001 s; distance=135 kB, estimate=165 kB; lsn=0/2B00B00, redo lsn=0/2B00AA8
2026-09-08 18:09:49.164 PKT [21156] LOG:  checkpoint starting: time
2026-09-08 18:09:49.590 PKT [21156] LOG:  checkpoint complete: wrote 4 buffers (0.0%), wrote 1 SLRU buffers; 0 WAL file(s) added, 0 removed, 0 recycled; write=0.414 s, sync=0.006 s, total=0.427 s; sync files=5, longest=0.003 s, average=0.002 s; distance=12 kB, estimate=150 kB; lsn=0/2B03D08, redo lsn=0/2B03CB0
2026-09-08 18:14:49.656 PKT [21156] LOG:  checkpoint starting: time
2026-09-08 18:14:52.003 PKT [21156] LOG:  checkpoint complete: wrote 9 buffers (0.1%), wrote 3 SLRU buffers; 0 WAL file(s) added, 0 removed, 0 recycled; write=1.173 s, sync=0.688 s, total=2.348 s; sync files=11, longest=0.252 s, average=0.063 s; distance=32 kB, estimate=138 kB; lsn=0/2B0BEF0, redo lsn=0/2B0BE98
2026-09-08 18:19:49.014 PKT [21156] LOG:  checkpoint starting: time
2026-09-08 18:19:49.641 PKT [21156] LOG:  checkpoint complete: wrote 5 buffers (0.0%), wrote 1 SLRU buffers; 0 WAL file(s) added, 0 removed, 0 recycled; write=0.616 s, sync=0.005 s, total=0.628 s; sync files=6, longest=0.002 s, average=0.001 s; distance=20 kB, estimate=126 kB; lsn=0/2B10F90, redo lsn=0/2B10F38
2026-09-08 18:49:15.638 PKT [14200] LOG:  could not receive data from client: An existing connection was forcibly closed by the remote host.
	
2026-09-08 18:49:15.643 PKT [780] LOG:  could not receive data from client: An existing connection was forcibly closed by the remote host.
	
2026-09-08 18:49:15.645 PKT [21348] LOG:  could not receive data from client: An existing connection was forcibly closed by the remote host.
	
2026-09-08 18:49:15.646 PKT [20912] LOG:  could not receive data from client: An existing connection was forcibly closed by the remote host.
	
2026-09-08 18:49:15.646 PKT [3876] LOG:  could not receive data from client: An existing connection was forcibly closed by the remote host.
	
2026-09-08 18:59:49.774 PKT [21156] LOG:  checkpoint starting: time
2026-09-08 18:59:53.020 PKT [21156] LOG:  checkpoint complete: wrote 25 buffers (0.2%), wrote 1 SLRU buffers; 0 WAL file(s) added, 0 removed, 0 recycled; write=3.162 s, sync=0.068 s, total=3.249 s; sync files=25, longest=0.018 s, average=0.003 s; distance=108 kB, estimate=125 kB; lsn=0/2B2C1E0, redo lsn=0/2B2C150
2026-09-08 19:01:40.462 PKT [9432] LOG:  could not receive data from client: An existing connection was forcibly closed by the remote host.
	
2026-09-08 19:01:40.463 PKT [8496] LOG:  could not receive data from client: An existing connection was forcibly closed by the remote host.
	
2026-09-08 19:01:40.463 PKT [18592] LOG:  could not receive data from client: An existing connection was forcibly closed by the remote host.
	
2026-09-08 19:01:40.463 PKT [11804] LOG:  could not receive data from client: An existing connection was forcibly closed by the remote host.
	
2026-09-08 19:01:40.466 PKT [7868] LOG:  could not receive data from client: An existing connection was forcibly closed by the remote host.
	
2026-09-08 19:09:49.042 PKT [21156] LOG:  checkpoint starting: time
2026-09-08 19:09:50.282 PKT [21156] LOG:  checkpoint complete: wrote 11 buffers (0.1%), wrote 1 SLRU buffers; 0 WAL file(s) added, 0 removed, 0 recycled; write=1.201 s, sync=0.021 s, total=1.241 s; sync files=12, longest=0.004 s, average=0.002 s; distance=27 kB, estimate=115 kB; lsn=0/2B32FF0, redo lsn=0/2B32F98
2026-09-08 19:19:49.299 PKT [21156] LOG:  checkpoint starting: time
2026-09-08 19:19:50.324 PKT [21156] LOG:  checkpoint complete: wrote 9 buffers (0.1%), wrote 1 SLRU buffers; 0 WAL file(s) added, 0 removed, 0 recycled; write=0.972 s, sync=0.038 s, total=1.027 s; sync files=10, longest=0.019 s, average=0.004 s; distance=13 kB, estimate=105 kB; lsn=0/2B36590, redo lsn=0/2B36538
2026-09-08 19:24:49.335 PKT [21156] LOG:  checkpoint starting: time
2026-09-08 19:24:50.344 PKT [21156] LOG:  checkpoint complete: wrote 9 buffers (0.1%), wrote 1 SLRU buffers; 0 WAL file(s) added, 0 removed, 0 recycled; write=0.984 s, sync=0.009 s, total=1.011 s; sync files=10, longest=0.003 s, average=0.001 s; distance=13 kB, estimate=95 kB; lsn=0/2B39CF8, redo lsn=0/2B39CA0
2026-09-08 19:29:49.357 PKT [21156] LOG:  checkpoint starting: time
2026-09-08 19:29:50.027 PKT [21156] LOG:  checkpoint complete: wrote 6 buffers (0.0%), wrote 1 SLRU buffers; 0 WAL file(s) added, 0 removed, 0 recycled; write=0.652 s, sync=0.008 s, total=0.671 s; sync files=7, longest=0.002 s, average=0.002 s; distance=12 kB, estimate=87 kB; lsn=0/2B3D0D8, redo lsn=0/2B3D080
2026-09-08 19:33:45.453 PKT [18244] LOG:  could not receive data from client: An existing connection was forcibly closed by the remote host.
	
2026-09-08 19:33:45.453 PKT [1260] LOG:  could not receive data from client: An existing connection was forcibly closed by the remote host.
	
2026-09-08 19:33:45.467 PKT [1460] LOG:  could not receive data from client: An existing connection was forcibly closed by the remote host.
	
2026-09-08 19:33:45.468 PKT [1568] LOG:  could not receive data from client: An existing connection was forcibly closed by the remote host.
	
2026-09-08 19:33:45.469 PKT [11596] LOG:  could not receive data from client: An existing connection was forcibly closed by the remote host.
	
2026-09-08 19:34:49.033 PKT [21156] LOG:  checkpoint starting: time
2026-09-08 19:34:49.608 PKT [21156] LOG:  checkpoint complete: wrote 5 buffers (0.0%), wrote 1 SLRU buffers; 0 WAL file(s) added, 0 removed, 0 recycled; write=0.558 s, sync=0.006 s, total=0.576 s; sync files=6, longest=0.002 s, average=0.001 s; distance=20 kB, estimate=80 kB; lsn=0/2B42440, redo lsn=0/2B423E8
2026-09-08 19:39:49.617 PKT [21156] LOG:  checkpoint starting: time
2026-09-08 19:39:50.209 PKT [21156] LOG:  checkpoint complete: wrote 5 buffers (0.0%), wrote 1 SLRU buffers; 0 WAL file(s) added, 0 removed, 0 recycled; write=0.577 s, sync=0.006 s, total=0.593 s; sync files=6, longest=0.002 s, average=0.001 s; distance=23 kB, estimate=75 kB; lsn=0/2B48188, redo lsn=0/2B48130
2026-09-08 20:09:49.258 PKT [21156] LOG:  checkpoint starting: time
2026-09-08 20:09:49.741 PKT [21156] LOG:  checkpoint complete: wrote 4 buffers (0.0%), wrote 1 SLRU buffers; 0 WAL file(s) added, 0 removed, 0 recycled; write=0.464 s, sync=0.007 s, total=0.485 s; sync files=5, longest=0.002 s, average=0.002 s; distance=17 kB, estimate=69 kB; lsn=0/2B4C5B0, redo lsn=0/2B4C558
2026-09-08 20:14:49.733 PKT [21156] LOG:  checkpoint starting: time
2026-09-08 20:14:50.394 PKT [21156] LOG:  checkpoint complete: wrote 6 buffers (0.0%), wrote 1 SLRU buffers; 0 WAL file(s) added, 0 removed, 0 recycled; write=0.639 s, sync=0.010 s, total=0.661 s; sync files=7, longest=0.002 s, average=0.002 s; distance=19 kB, estimate=64 kB; lsn=0/2B512E8, redo lsn=0/2B51290
2026-09-09 14:06:52.884 PKT [16852] LOG:  starting PostgreSQL 18.4 on x86_64-windows, compiled by msvc-19.44.35226, 64-bit
2026-09-09 14:06:52.967 PKT [16852] LOG:  listening on IPv6 address "::1", port 5432
2026-09-09 14:06:52.967 PKT [16852] LOG:  listening on IPv4 address "127.0.0.1", port 5432
2026-09-09 14:06:53.170 PKT [7924] LOG:  database system was interrupted; last known up at 2026-09-08 20:14:50 PKT
2026-09-09 14:06:56.384 PKT [7924] LOG:  database system was not properly shut down; automatic recovery in progress
2026-09-09 14:06:56.389 PKT [7924] LOG:  redo starts at 0/2B51290
2026-09-09 14:06:56.389 PKT [7924] LOG:  invalid record length at 0/2B51398: expected at least 24, got 0
2026-09-09 14:06:56.389 PKT [7924] LOG:  redo done at 0/2B51360 system usage: CPU: user: 0.00 s, system: 0.00 s, elapsed: 0.00 s
2026-09-09 14:06:56.405 PKT [5716] LOG:  checkpoint starting: end-of-recovery immediate wait
2026-09-09 14:06:56.432 PKT [5716] LOG:  checkpoint complete: wrote 0 buffers (0.0%), wrote 2 SLRU buffers; 0 WAL file(s) added, 0 removed, 0 recycled; write=0.004 s, sync=0.004 s, total=0.035 s; sync files=3, longest=0.002 s, average=0.002 s; distance=0 kB, estimate=0 kB; lsn=0/2B51398, redo lsn=0/2B51398
2026-09-09 14:06:56.444 PKT [16852] LOG:  database system is ready to accept connections
2026-09-09 14:11:44.246 PKT [3044] LOG:  could not receive data from client: An existing connection was forcibly closed by the remote host.
	
2026-09-09 14:11:44.246 PKT [10872] LOG:  could not receive data from client: An existing connection was forcibly closed by the remote host.
	
2026-09-09 14:11:44.246 PKT [1380] LOG:  could not receive data from client: An existing connection was forcibly closed by the remote host.
	
2026-09-09 14:11:56.432 PKT [5716] LOG:  checkpoint starting: time
2026-09-09 14:11:57.870 PKT [5716] LOG:  checkpoint complete: wrote 13 buffers (0.1%), wrote 1 SLRU buffers; 0 WAL file(s) added, 0 removed, 0 recycled; write=1.408 s, sync=0.010 s, total=1.439 s; sync files=14, longest=0.002 s, average=0.001 s; distance=41 kB, estimate=41 kB; lsn=0/2B5BB60, redo lsn=0/2B5BB08
2026-09-09 14:16:56.875 PKT [5716] LOG:  checkpoint starting: time
2026-09-09 14:16:57.684 PKT [5716] LOG:  checkpoint complete: wrote 7 buffers (0.0%), wrote 1 SLRU buffers; 0 WAL file(s) added, 0 removed, 0 recycled; write=0.786 s, sync=0.012 s, total=0.810 s; sync files=8, longest=0.004 s, average=0.002 s; distance=31 kB, estimate=40 kB; lsn=0/2B638C8, redo lsn=0/2B63870
2026-09-09 14:21:56.682 PKT [5716] LOG:  checkpoint starting: time
2026-09-09 14:21:56.815 PKT [5716] LOG:  checkpoint complete: wrote 1 buffers (0.0%), wrote 0 SLRU buffers; 0 WAL file(s) added, 0 removed, 0 recycled; write=0.110 s, sync=0.002 s, total=0.134 s; sync files=1, longest=0.002 s, average=0.002 s; distance=1 kB, estimate=36 kB; lsn=0/2B63E48, redo lsn=0/2B63DF0
2026-09-09 15:11:58.870 PKT [5716] LOG:  checkpoint starting: time
2026-09-09 15:11:59.894 PKT [5716] LOG:  checkpoint complete: wrote 9 buffers (0.1%), wrote 1 SLRU buffers; 0 WAL file(s) added, 0 removed, 0 recycled; write=0.986 s, sync=0.024 s, total=1.025 s; sync files=10, longest=0.005 s, average=0.003 s; distance=33 kB, estimate=36 kB; lsn=0/2B6C3F0, redo lsn=0/2B6C398
2026-09-09 16:16:58.990 PKT [5716] LOG:  checkpoint starting: time
2026-09-09 16:16:59.122 PKT [5716] LOG:  checkpoint complete: wrote 1 buffers (0.0%), wrote 0 SLRU buffers; 0 WAL file(s) added, 0 removed, 0 recycled; write=0.110 s, sync=0.002 s, total=0.136 s; sync files=1, longest=0.002 s, average=0.002 s; distance=1 kB, estimate=33 kB; lsn=0/2B6CA08, redo lsn=0/2B6C9B0
2026-09-09 17:11:58.201 PKT [5716] LOG:  checkpoint starting: time
2026-09-09 17:11:58.539 PKT [5716] LOG:  checkpoint complete: wrote 3 buffers (0.0%), wrote 1 SLRU buffers; 0 WAL file(s) added, 0 removed, 0 recycled; write=0.324 s, sync=0.004 s, total=0.341 s; sync files=4, longest=0.002 s, average=0.001 s; distance=11 kB, estimate=30 kB; lsn=0/2B6F8D0, redo lsn=0/2B6F878
2026-09-09 18:56:58.750 PKT [5716] LOG:  checkpoint starting: time
2026-09-09 18:56:58.899 PKT [5716] LOG:  checkpoint complete: wrote 1 buffers (0.0%), wrote 0 SLRU buffers; 0 WAL file(s) added, 0 removed, 0 recycled; write=0.111 s, sync=0.003 s, total=0.157 s; sync files=1, longest=0.003 s, average=0.003 s; distance=1 kB, estimate=27 kB; lsn=0/2B6FF48, redo lsn=0/2B6FEF0
2026-09-09 19:25:48.120 PKT [12348] LOG:  could not receive data from client: An existing connection was forcibly closed by the remote host.
	
2026-09-09 19:25:48.124 PKT [20928] LOG:  could not receive data from client: An existing connection was forcibly closed by the remote host.
	
2026-09-09 19:25:48.124 PKT [8804] LOG:  could not receive data from client: An existing connection was forcibly closed by the remote host.
	
2026-09-09 19:25:48.125 PKT [12212] LOG:  could not receive data from client: An existing connection was forcibly closed by the remote host.
	
2026-09-09 19:25:48.125 PKT [13160] LOG:  could not receive data from client: An existing connection was forcibly closed by the remote host.
	
2026-09-09 19:26:16.955 PKT [16128] ERROR:  column patients.portal_pin_hash does not exist at character 471
2026-09-09 19:26:16.955 PKT [16128] STATEMENT:  SELECT patients.id, patients.practice_id, patients.first_name, patients.last_name, patients.email, patients.phone, patients.additional_phones, patients.date_of_birth, patients.medical_history, patients.consent_status, patients.plan_type, patients.chief_complaint, patients.needs_surgery, patients.ai_agent_assigned, patients.agent_status, patients.agent_cost, patients.lifecycle_stage, patients.lost_reason, patients.source, patients.portal_id, patients.portal_enabled, patients.portal_pin_hash, patients.pin_set_at, patients.gender, patients.emergency_contact_name, patients.emergency_contact_phone, patients.allergies, patients.surgical_history, patients.current_medications, patients.smoking_status, patients.previous_cosmetic_procedures, patients.referral_source, patients.preferred_language, patients.communication_preferences, patients.insurance_provider, patients.insurance_number, patients.qualification, patients.intake_summary, patients.assigned_doctor_id, patients.is_archived, patients.archived_at, patients.archived_by, patients.created_at, patients.updated_at 
	FROM patients 
	WHERE patients.lifecycle_stage IN ($2::patientlifecyclestage, $3::patientlifecyclestage, $4::patientlifecyclestage) AND patients.updated_at < $1::TIMESTAMP WITH TIME ZONE
2026-09-09 19:26:39.499 PKT [21432] ERROR:  column patients.portal_pin_hash does not exist at character 976
2026-09-09 19:26:39.499 PKT [21432] STATEMENT:  SELECT patients.id AS patients_id, patients.practice_id AS patients_practice_id, patients.first_name AS patients_first_name, patients.last_name AS patients_last_name, patients.email AS patients_email, patients.phone AS patients_phone, patients.additional_phones AS patients_additional_phones, patients.date_of_birth AS patients_date_of_birth, patients.medical_history AS patients_medical_history, patients.consent_status AS patients_consent_status, patients.plan_type AS patients_plan_type, patients.chief_complaint AS patients_chief_complaint, patients.needs_surgery AS patients_needs_surgery, patients.ai_agent_assigned AS patients_ai_agent_assigned, patients.agent_status AS patients_agent_status, patients.agent_cost AS patients_agent_cost, patients.lifecycle_stage AS patients_lifecycle_stage, patients.lost_reason AS patients_lost_reason, patients.source AS patients_source, patients.portal_id AS patients_portal_id, patients.portal_enabled AS patients_portal_enabled, patients.portal_pin_hash AS patients_portal_pin_hash, patients.pin_set_at AS patients_pin_set_at, patients.gender AS patients_gender, patients.emergency_contact_name AS patients_emergency_contact_name, patients.emergency_contact_phone AS patients_emergency_contact_phone, patients.allergies AS patients_allergies, patients.surgical_history AS patients_surgical_history, patients.current_medications AS patients_current_medications, patients.smoking_status AS patients_smoking_status, patients.previous_cosmetic_procedures AS patients_previous_cosmetic_procedures, patients.referral_source AS patients_referral_source, patients.preferred_language AS patients_preferred_language, patients.communication_preferences AS patients_communication_preferences, patients.insurance_provider AS patients_insurance_provider, patients.insurance_number AS patients_insurance_number, patients.qualification AS patients_qualification, patients.intake_summary AS patients_intake_summary, patients.assigned_doctor_id AS patients_assigned_doctor_id, patients.is_archived AS patients_is_archived, patients.archived_at AS patients_archived_at, patients.archived_by AS patients_archived_by, patients.created_at AS patients_created_at, patients.updated_at AS patients_updated_at 
	FROM patients 
	WHERE patients.id IN ($1::UUID, $2::UUID)
2026-09-09 19:27:38.438 PKT [19276] ERROR:  column patients.portal_pin_hash does not exist at character 976
2026-09-09 19:27:38.438 PKT [19276] STATEMENT:  SELECT patients.id AS patients_id, patients.practice_id AS patients_practice_id, patients.first_name AS patients_first_name, patients.last_name AS patients_last_name, patients.email AS patients_email, patients.phone AS patients_phone, patients.additional_phones AS patients_additional_phones, patients.date_of_birth AS patients_date_of_birth, patients.medical_history AS patients_medical_history, patients.consent_status AS patients_consent_status, patients.plan_type AS patients_plan_type, patients.chief_complaint AS patients_chief_complaint, patients.needs_surgery AS patients_needs_surgery, patients.ai_agent_assigned AS patients_ai_agent_assigned, patients.agent_status AS patients_agent_status, patients.agent_cost AS patients_agent_cost, patients.lifecycle_stage AS patients_lifecycle_stage, patients.lost_reason AS patients_lost_reason, patients.source AS patients_source, patients.portal_id AS patients_portal_id, patients.portal_enabled AS patients_portal_enabled, patients.portal_pin_hash AS patients_portal_pin_hash, patients.pin_set_at AS patients_pin_set_at, patients.gender AS patients_gender, patients.emergency_contact_name AS patients_emergency_contact_name, patients.emergency_contact_phone AS patients_emergency_contact_phone, patients.allergies AS patients_allergies, patients.surgical_history AS patients_surgical_history, patients.current_medications AS patients_current_medications, patients.smoking_status AS patients_smoking_status, patients.previous_cosmetic_procedures AS patients_previous_cosmetic_procedures, patients.referral_source AS patients_referral_source, patients.preferred_language AS patients_preferred_language, patients.communication_preferences AS patients_communication_preferences, patients.insurance_provider AS patients_insurance_provider, patients.insurance_number AS patients_insurance_number, patients.qualification AS patients_qualification, patients.intake_summary AS patients_intake_summary, patients.assigned_doctor_id AS patients_assigned_doctor_id, patients.is_archived AS patients_is_archived, patients.archived_at AS patients_archived_at, patients.archived_by AS patients_archived_by, patients.created_at AS patients_created_at, patients.updated_at AS patients_updated_at 
	FROM patients 
	WHERE patients.id IN ($1::UUID, $2::UUID)
2026-09-09 19:28:38.465 PKT [19276] ERROR:  column patients.portal_pin_hash does not exist at character 976
2026-09-09 19:28:38.465 PKT [19276] STATEMENT:  SELECT patients.id AS patients_id, patients.practice_id AS patients_practice_id, patients.first_name AS patients_first_name, patients.last_name AS patients_last_name, patients.email AS patients_email, patients.phone AS patients_phone, patients.additional_phones AS patients_additional_phones, patients.date_of_birth AS patients_date_of_birth, patients.medical_history AS patients_medical_history, patients.consent_status AS patients_consent_status, patients.plan_type AS patients_plan_type, patients.chief_complaint AS patients_chief_complaint, patients.needs_surgery AS patients_needs_surgery, patients.ai_agent_assigned AS patients_ai_agent_assigned, patients.agent_status AS patients_agent_status, patients.agent_cost AS patients_agent_cost, patients.lifecycle_stage AS patients_lifecycle_stage, patients.lost_reason AS patients_lost_reason, patients.source AS patients_source, patients.portal_id AS patients_portal_id, patients.portal_enabled AS patients_portal_enabled, patients.portal_pin_hash AS patients_portal_pin_hash, patients.pin_set_at AS patients_pin_set_at, patients.gender AS patients_gender, patients.emergency_contact_name AS patients_emergency_contact_name, patients.emergency_contact_phone AS patients_emergency_contact_phone, patients.allergies AS patients_allergies, patients.surgical_history AS patients_surgical_history, patients.current_medications AS patients_current_medications, patients.smoking_status AS patients_smoking_status, patients.previous_cosmetic_procedures AS patients_previous_cosmetic_procedures, patients.referral_source AS patients_referral_source, patients.preferred_language AS patients_preferred_language, patients.communication_preferences AS patients_communication_preferences, patients.insurance_provider AS patients_insurance_provider, patients.insurance_number AS patients_insurance_number, patients.qualification AS patients_qualification, patients.intake_summary AS patients_intake_summary, patients.assigned_doctor_id AS patients_assigned_doctor_id, patients.is_archived AS patients_is_archived, patients.archived_at AS patients_archived_at, patients.archived_by AS patients_archived_by, patients.created_at AS patients_created_at, patients.updated_at AS patients_updated_at 
	FROM patients 
	WHERE patients.id IN ($1::UUID, $2::UUID)
2026-09-09 19:29:38.473 PKT [16128] ERROR:  column patients.portal_pin_hash does not exist at character 976
2026-09-09 19:29:38.473 PKT [16128] STATEMENT:  SELECT patients.id AS patients_id, patients.practice_id AS patients_practice_id, patients.first_name AS patients_first_name, patients.last_name AS patients_last_name, patients.email AS patients_email, patients.phone AS patients_phone, patients.additional_phones AS patients_additional_phones, patients.date_of_birth AS patients_date_of_birth, patients.medical_history AS patients_medical_history, patients.consent_status AS patients_consent_status, patients.plan_type AS patients_plan_type, patients.chief_complaint AS patients_chief_complaint, patients.needs_surgery AS patients_needs_surgery, patients.ai_agent_assigned AS patients_ai_agent_assigned, patients.agent_status AS patients_agent_status, patients.agent_cost AS patients_agent_cost, patients.lifecycle_stage AS patients_lifecycle_stage, patients.lost_reason AS patients_lost_reason, patients.source AS patients_source, patients.portal_id AS patients_portal_id, patients.portal_enabled AS patients_portal_enabled, patients.portal_pin_hash AS patients_portal_pin_hash, patients.pin_set_at AS patients_pin_set_at, patients.gender AS patients_gender, patients.emergency_contact_name AS patients_emergency_contact_name, patients.emergency_contact_phone AS patients_emergency_contact_phone, patients.allergies AS patients_allergies, patients.surgical_history AS patients_surgical_history, patients.current_medications AS patients_current_medications, patients.smoking_status AS patients_smoking_status, patients.previous_cosmetic_procedures AS patients_previous_cosmetic_procedures, patients.referral_source AS patients_referral_source, patients.preferred_language AS patients_preferred_language, patients.communication_preferences AS patients_communication_preferences, patients.insurance_provider AS patients_insurance_provider, patients.insurance_number AS patients_insurance_number, patients.qualification AS patients_qualification, patients.intake_summary AS patients_intake_summary, patients.assigned_doctor_id AS patients_assigned_doctor_id, patients.is_archived AS patients_is_archived, patients.archived_at AS patients_archived_at, patients.archived_by AS patients_archived_by, patients.created_at AS patients_created_at, patients.updated_at AS patients_updated_at 
	FROM patients 
	WHERE patients.id IN ($1::UUID, $2::UUID)
2026-09-09 19:30:38.634 PKT [21432] ERROR:  column patients.portal_pin_hash does not exist at character 976
2026-09-09 19:30:38.634 PKT [21432] STATEMENT:  SELECT patients.id AS patients_id, patients.practice_id AS patients_practice_id, patients.first_name AS patients_first_name, patients.last_name AS patients_last_name, patients.email AS patients_email, patients.phone AS patients_phone, patients.additional_phones AS patients_additional_phones, patients.date_of_birth AS patients_date_of_birth, patients.medical_history AS patients_medical_history, patients.consent_status AS patients_consent_status, patients.plan_type AS patients_plan_type, patients.chief_complaint AS patients_chief_complaint, patients.needs_surgery AS patients_needs_surgery, patients.ai_agent_assigned AS patients_ai_agent_assigned, patients.agent_status AS patients_agent_status, patients.agent_cost AS patients_agent_cost, patients.lifecycle_stage AS patients_lifecycle_stage, patients.lost_reason AS patients_lost_reason, patients.source AS patients_source, patients.portal_id AS patients_portal_id, patients.portal_enabled AS patients_portal_enabled, patients.portal_pin_hash AS patients_portal_pin_hash, patients.pin_set_at AS patients_pin_set_at, patients.gender AS patients_gender, patients.emergency_contact_name AS patients_emergency_contact_name, patients.emergency_contact_phone AS patients_emergency_contact_phone, patients.allergies AS patients_allergies, patients.surgical_history AS patients_surgical_history, patients.current_medications AS patients_current_medications, patients.smoking_status AS patients_smoking_status, patients.previous_cosmetic_procedures AS patients_previous_cosmetic_procedures, patients.referral_source AS patients_referral_source, patients.preferred_language AS patients_preferred_language, patients.communication_preferences AS patients_communication_preferences, patients.insurance_provider AS patients_insurance_provider, patients.insurance_number AS patients_insurance_number, patients.qualification AS patients_qualification, patients.intake_summary AS patients_intake_summary, patients.assigned_doctor_id AS patients_assigned_doctor_id, patients.is_archived AS patients_is_archived, patients.archived_at AS patients_archived_at, patients.archived_by AS patients_archived_by, patients.created_at AS patients_created_at, patients.updated_at AS patients_updated_at 
	FROM patients 
	WHERE patients.id IN ($1::UUID, $2::UUID)
2026-09-09 19:31:11.840 PKT [3516] ERROR:  column patients.portal_pin_hash does not exist at character 471
2026-09-09 19:31:11.840 PKT [3516] STATEMENT:  SELECT patients.id, patients.practice_id, patients.first_name, patients.last_name, patients.email, patients.phone, patients.additional_phones, patients.date_of_birth, patients.medical_history, patients.consent_status, patients.plan_type, patients.chief_complaint, patients.needs_surgery, patients.ai_agent_assigned, patients.agent_status, patients.agent_cost, patients.lifecycle_stage, patients.lost_reason, patients.source, patients.portal_id, patients.portal_enabled, patients.portal_pin_hash, patients.pin_set_at, patients.gender, patients.emergency_contact_name, patients.emergency_contact_phone, patients.allergies, patients.surgical_history, patients.current_medications, patients.smoking_status, patients.previous_cosmetic_procedures, patients.referral_source, patients.preferred_language, patients.communication_preferences, patients.insurance_provider, patients.insurance_number, patients.qualification, patients.intake_summary, patients.assigned_doctor_id, patients.is_archived, patients.archived_at, patients.archived_by, patients.created_at, patients.updated_at 
	FROM patients 
	WHERE patients.lifecycle_stage IN ($2::patientlifecyclestage, $3::patientlifecyclestage, $4::patientlifecyclestage) AND patients.updated_at < $1::TIMESTAMP WITH TIME ZONE
2026-09-09 19:31:41.549 PKT [18372] ERROR:  column patients.portal_pin_hash does not exist at character 976
2026-09-09 19:31:41.549 PKT [18372] STATEMENT:  SELECT patients.id AS patients_id, patients.practice_id AS patients_practice_id, patients.first_name AS patients_first_name, patients.last_name AS patients_last_name, patients.email AS patients_email, patients.phone AS patients_phone, patients.additional_phones AS patients_additional_phones, patients.date_of_birth AS patients_date_of_birth, patients.medical_history AS patients_medical_history, patients.consent_status AS patients_consent_status, patients.plan_type AS patients_plan_type, patients.chief_complaint AS patients_chief_complaint, patients.needs_surgery AS patients_needs_surgery, patients.ai_agent_assigned AS patients_ai_agent_assigned, patients.agent_status AS patients_agent_status, patients.agent_cost AS patients_agent_cost, patients.lifecycle_stage AS patients_lifecycle_stage, patients.lost_reason AS patients_lost_reason, patients.source AS patients_source, patients.portal_id AS patients_portal_id, patients.portal_enabled AS patients_portal_enabled, patients.portal_pin_hash AS patients_portal_pin_hash, patients.pin_set_at AS patients_pin_set_at, patients.gender AS patients_gender, patients.emergency_contact_name AS patients_emergency_contact_name, patients.emergency_contact_phone AS patients_emergency_contact_phone, patients.allergies AS patients_allergies, patients.surgical_history AS patients_surgical_history, patients.current_medications AS patients_current_medications, patients.smoking_status AS patients_smoking_status, patients.previous_cosmetic_procedures AS patients_previous_cosmetic_procedures, patients.referral_source AS patients_referral_source, patients.preferred_language AS patients_preferred_language, patients.communication_preferences AS patients_communication_preferences, patients.insurance_provider AS patients_insurance_provider, patients.insurance_number AS patients_insurance_number, patients.qualification AS patients_qualification, patients.intake_summary AS patients_intake_summary, patients.assigned_doctor_id AS patients_assigned_doctor_id, patients.is_archived AS patients_is_archived, patients.archived_at AS patients_archived_at, patients.archived_by AS patients_archived_by, patients.created_at AS patients_created_at, patients.updated_at AS patients_updated_at 
	FROM patients 
	WHERE patients.id IN ($1::UUID, $2::UUID)
2026-09-09 19:31:58.965 PKT [5716] LOG:  checkpoint starting: time
2026-09-09 19:31:59.082 PKT [5716] LOG:  checkpoint complete: wrote 1 buffers (0.0%), wrote 0 SLRU buffers; 0 WAL file(s) added, 0 removed, 0 recycled; write=0.100 s, sync=0.001 s, total=0.120 s; sync files=1, longest=0.001 s, average=0.001 s; distance=2 kB, estimate=25 kB; lsn=0/2B70748, redo lsn=0/2B706F0
2026-09-09 19:32:38.856 PKT [18372] ERROR:  column patients.portal_pin_hash does not exist at character 976
2026-09-09 19:32:38.856 PKT [18372] STATEMENT:  SELECT patients.id AS patients_id, patients.practice_id AS patients_practice_id, patients.first_name AS patients_first_name, patients.last_name AS patients_last_name, patients.email AS patients_email, patients.phone AS patients_phone, patients.additional_phones AS patients_additional_phones, patients.date_of_birth AS patients_date_of_birth, patients.medical_history AS patients_medical_history, patients.consent_status AS patients_consent_status, patients.plan_type AS patients_plan_type, patients.chief_complaint AS patients_chief_complaint, patients.needs_surgery AS patients_needs_surgery, patients.ai_agent_assigned AS patients_ai_agent_assigned, patients.agent_status AS patients_agent_status, patients.agent_cost AS patients_agent_cost, patients.lifecycle_stage AS patients_lifecycle_stage, patients.lost_reason AS patients_lost_reason, patients.source AS patients_source, patients.portal_id AS patients_portal_id, patients.portal_enabled AS patients_portal_enabled, patients.portal_pin_hash AS patients_portal_pin_hash, patients.pin_set_at AS patients_pin_set_at, patients.gender AS patients_gender, patients.emergency_contact_name AS patients_emergency_contact_name, patients.emergency_contact_phone AS patients_emergency_contact_phone, patients.allergies AS patients_allergies, patients.surgical_history AS patients_surgical_history, patients.current_medications AS patients_current_medications, patients.smoking_status AS patients_smoking_status, patients.previous_cosmetic_procedures AS patients_previous_cosmetic_procedures, patients.referral_source AS patients_referral_source, patients.preferred_language AS patients_preferred_language, patients.communication_preferences AS patients_communication_preferences, patients.insurance_provider AS patients_insurance_provider, patients.insurance_number AS patients_insurance_number, patients.qualification AS patients_qualification, patients.intake_summary AS patients_intake_summary, patients.assigned_doctor_id AS patients_assigned_doctor_id, patients.is_archived AS patients_is_archived, patients.archived_at AS patients_archived_at, patients.archived_by AS patients_archived_by, patients.created_at AS patients_created_at, patients.updated_at AS patients_updated_at 
	FROM patients 
	WHERE patients.id IN ($1::UUID, $2::UUID)
2026-09-09 19:33:38.546 PKT [13256] ERROR:  column patients.portal_pin_hash does not exist at character 976
2026-09-09 19:33:38.546 PKT [13256] STATEMENT:  SELECT patients.id AS patients_id, patients.practice_id AS patients_practice_id, patients.first_name AS patients_first_name, patients.last_name AS patients_last_name, patients.email AS patients_email, patients.phone AS patients_phone, patients.additional_phones AS patients_additional_phones, patients.date_of_birth AS patients_date_of_birth, patients.medical_history AS patients_medical_history, patients.consent_status AS patients_consent_status, patients.plan_type AS patients_plan_type, patients.chief_complaint AS patients_chief_complaint, patients.needs_surgery AS patients_needs_surgery, patients.ai_agent_assigned AS patients_ai_agent_assigned, patients.agent_status AS patients_agent_status, patients.agent_cost AS patients_agent_cost, patients.lifecycle_stage AS patients_lifecycle_stage, patients.lost_reason AS patients_lost_reason, patients.source AS patients_source, patients.portal_id AS patients_portal_id, patients.portal_enabled AS patients_portal_enabled, patients.portal_pin_hash AS patients_portal_pin_hash, patients.pin_set_at AS patients_pin_set_at, patients.gender AS patients_gender, patients.emergency_contact_name AS patients_emergency_contact_name, patients.emergency_contact_phone AS patients_emergency_contact_phone, patients.allergies AS patients_allergies, patients.surgical_history AS patients_surgical_history, patients.current_medications AS patients_current_medications, patients.smoking_status AS patients_smoking_status, patients.previous_cosmetic_procedures AS patients_previous_cosmetic_procedures, patients.referral_source AS patients_referral_source, patients.preferred_language AS patients_preferred_language, patients.communication_preferences AS patients_communication_preferences, patients.insurance_provider AS patients_insurance_provider, patients.insurance_number AS patients_insurance_number, patients.qualification AS patients_qualification, patients.intake_summary AS patients_intake_summary, patients.assigned_doctor_id AS patients_assigned_doctor_id, patients.is_archived AS patients_is_archived, patients.archived_at AS patients_archived_at, patients.archived_by AS patients_archived_by, patients.created_at AS patients_created_at, patients.updated_at AS patients_updated_at 
	FROM patients 
	WHERE patients.id IN ($1::UUID, $2::UUID)
2026-09-09 19:34:04.197 PKT [18888] ERROR:  column patients.portal_pin_hash does not exist at character 471
2026-09-09 19:34:04.197 PKT [18888] STATEMENT:  SELECT patients.id, patients.practice_id, patients.first_name, patients.last_name, patients.email, patients.phone, patients.additional_phones, patients.date_of_birth, patients.medical_history, patients.consent_status, patients.plan_type, patients.chief_complaint, patients.needs_surgery, patients.ai_agent_assigned, patients.agent_status, patients.agent_cost, patients.lifecycle_stage, patients.lost_reason, patients.source, patients.portal_id, patients.portal_enabled, patients.portal_pin_hash, patients.pin_set_at, patients.gender, patients.emergency_contact_name, patients.emergency_contact_phone, patients.allergies, patients.surgical_history, patients.current_medications, patients.smoking_status, patients.previous_cosmetic_procedures, patients.referral_source, patients.preferred_language, patients.communication_preferences, patients.insurance_provider, patients.insurance_number, patients.qualification, patients.intake_summary, patients.assigned_doctor_id, patients.is_archived, patients.archived_at, patients.archived_by, patients.created_at, patients.updated_at 
	FROM patients 
	WHERE patients.lifecycle_stage IN ($2::patientlifecyclestage, $3::patientlifecyclestage, $4::patientlifecyclestage) AND patients.updated_at < $1::TIMESTAMP WITH TIME ZONE
2026-09-09 19:34:38.488 PKT [18888] ERROR:  column patients.portal_pin_hash does not exist at character 976
2026-09-09 19:34:38.488 PKT [18888] STATEMENT:  SELECT patients.id AS patients_id, patients.practice_id AS patients_practice_id, patients.first_name AS patients_first_name, patients.last_name AS patients_last_name, patients.email AS patients_email, patients.phone AS patients_phone, patients.additional_phones AS patients_additional_phones, patients.date_of_birth AS patients_date_of_birth, patients.medical_history AS patients_medical_history, patients.consent_status AS patients_consent_status, patients.plan_type AS patients_plan_type, patients.chief_complaint AS patients_chief_complaint, patients.needs_surgery AS patients_needs_surgery, patients.ai_agent_assigned AS patients_ai_agent_assigned, patients.agent_status AS patients_agent_status, patients.agent_cost AS patients_agent_cost, patients.lifecycle_stage AS patients_lifecycle_stage, patients.lost_reason AS patients_lost_reason, patients.source AS patients_source, patients.portal_id AS patients_portal_id, patients.portal_enabled AS patients_portal_enabled, patients.portal_pin_hash AS patients_portal_pin_hash, patients.pin_set_at AS patients_pin_set_at, patients.gender AS patients_gender, patients.emergency_contact_name AS patients_emergency_contact_name, patients.emergency_contact_phone AS patients_emergency_contact_phone, patients.allergies AS patients_allergies, patients.surgical_history AS patients_surgical_history, patients.current_medications AS patients_current_medications, patients.smoking_status AS patients_smoking_status, patients.previous_cosmetic_procedures AS patients_previous_cosmetic_procedures, patients.referral_source AS patients_referral_source, patients.preferred_language AS patients_preferred_language, patients.communication_preferences AS patients_communication_preferences, patients.insurance_provider AS patients_insurance_provider, patients.insurance_number AS patients_insurance_number, patients.qualification AS patients_qualification, patients.intake_summary AS patients_intake_summary, patients.assigned_doctor_id AS patients_assigned_doctor_id, patients.is_archived AS patients_is_archived, patients.archived_at AS patients_archived_at, patients.archived_by AS patients_archived_by, patients.created_at AS patients_created_at, patients.updated_at AS patients_updated_at 
	FROM patients 
	WHERE patients.id IN ($1::UUID, $2::UUID)
2026-09-09 19:35:38.273 PKT [19316] ERROR:  column patients.portal_pin_hash does not exist at character 976
2026-09-09 19:35:38.273 PKT [19316] STATEMENT:  SELECT patients.id AS patients_id, patients.practice_id AS patients_practice_id, patients.first_name AS patients_first_name, patients.last_name AS patients_last_name, patients.email AS patients_email, patients.phone AS patients_phone, patients.additional_phones AS patients_additional_phones, patients.date_of_birth AS patients_date_of_birth, patients.medical_history AS patients_medical_history, patients.consent_status AS patients_consent_status, patients.plan_type AS patients_plan_type, patients.chief_complaint AS patients_chief_complaint, patients.needs_surgery AS patients_needs_surgery, patients.ai_agent_assigned AS patients_ai_agent_assigned, patients.agent_status AS patients_agent_status, patients.agent_cost AS patients_agent_cost, patients.lifecycle_stage AS patients_lifecycle_stage, patients.lost_reason AS patients_lost_reason, patients.source AS patients_source, patients.portal_id AS patients_portal_id, patients.portal_enabled AS patients_portal_enabled, patients.portal_pin_hash AS patients_portal_pin_hash, patients.pin_set_at AS patients_pin_set_at, patients.gender AS patients_gender, patients.emergency_contact_name AS patients_emergency_contact_name, patients.emergency_contact_phone AS patients_emergency_contact_phone, patients.allergies AS patients_allergies, patients.surgical_history AS patients_surgical_history, patients.current_medications AS patients_current_medications, patients.smoking_status AS patients_smoking_status, patients.previous_cosmetic_procedures AS patients_previous_cosmetic_procedures, patients.referral_source AS patients_referral_source, patients.preferred_language AS patients_preferred_language, patients.communication_preferences AS patients_communication_preferences, patients.insurance_provider AS patients_insurance_provider, patients.insurance_number AS patients_insurance_number, patients.qualification AS patients_qualification, patients.intake_summary AS patients_intake_summary, patients.assigned_doctor_id AS patients_assigned_doctor_id, patients.is_archived AS patients_is_archived, patients.archived_at AS patients_archived_at, patients.archived_by AS patients_archived_by, patients.created_at AS patients_created_at, patients.updated_at AS patients_updated_at 
	FROM patients 
	WHERE patients.id IN ($1::UUID, $2::UUID)
2026-09-09 19:36:13.608 PKT [1788] ERROR:  column patients.portal_pin_hash does not exist at character 471
2026-09-09 19:36:13.608 PKT [1788] STATEMENT:  SELECT patients.id, patients.practice_id, patients.first_name, patients.last_name, patients.email, patients.phone, patients.additional_phones, patients.date_of_birth, patients.medical_history, patients.consent_status, patients.plan_type, patients.chief_complaint, patients.needs_surgery, patients.ai_agent_assigned, patients.agent_status, patients.agent_cost, patients.lifecycle_stage, patients.lost_reason, patients.source, patients.portal_id, patients.portal_enabled, patients.portal_pin_hash, patients.pin_set_at, patients.gender, patients.emergency_contact_name, patients.emergency_contact_phone, patients.allergies, patients.surgical_history, patients.current_medications, patients.smoking_status, patients.previous_cosmetic_procedures, patients.referral_source, patients.preferred_language, patients.communication_preferences, patients.insurance_provider, patients.insurance_number, patients.qualification, patients.intake_summary, patients.assigned_doctor_id, patients.is_archived, patients.archived_at, patients.archived_by, patients.created_at, patients.updated_at 
	FROM patients 
	WHERE patients.lifecycle_stage IN ($2::patientlifecyclestage, $3::patientlifecyclestage, $4::patientlifecyclestage) AND patients.updated_at < $1::TIMESTAMP WITH TIME ZONE
2026-09-09 19:36:38.182 PKT [1788] ERROR:  column patients.portal_pin_hash does not exist at character 976
2026-09-09 19:36:38.182 PKT [1788] STATEMENT:  SELECT patients.id AS patients_id, patients.practice_id AS patients_practice_id, patients.first_name AS patients_first_name, patients.last_name AS patients_last_name, patients.email AS patients_email, patients.phone AS patients_phone, patients.additional_phones AS patients_additional_phones, patients.date_of_birth AS patients_date_of_birth, patients.medical_history AS patients_medical_history, patients.consent_status AS patients_consent_status, patients.plan_type AS patients_plan_type, patients.chief_complaint AS patients_chief_complaint, patients.needs_surgery AS patients_needs_surgery, patients.ai_agent_assigned AS patients_ai_agent_assigned, patients.agent_status AS patients_agent_status, patients.agent_cost AS patients_agent_cost, patients.lifecycle_stage AS patients_lifecycle_stage, patients.lost_reason AS patients_lost_reason, patients.source AS patients_source, patients.portal_id AS patients_portal_id, patients.portal_enabled AS patients_portal_enabled, patients.portal_pin_hash AS patients_portal_pin_hash, patients.pin_set_at AS patients_pin_set_at, patients.gender AS patients_gender, patients.emergency_contact_name AS patients_emergency_contact_name, patients.emergency_contact_phone AS patients_emergency_contact_phone, patients.allergies AS patients_allergies, patients.surgical_history AS patients_surgical_history, patients.current_medications AS patients_current_medications, patients.smoking_status AS patients_smoking_status, patients.previous_cosmetic_procedures AS patients_previous_cosmetic_procedures, patients.referral_source AS patients_referral_source, patients.preferred_language AS patients_preferred_language, patients.communication_preferences AS patients_communication_preferences, patients.insurance_provider AS patients_insurance_provider, patients.insurance_number AS patients_insurance_number, patients.qualification AS patients_qualification, patients.intake_summary AS patients_intake_summary, patients.assigned_doctor_id AS patients_assigned_doctor_id, patients.is_archived AS patients_is_archived, patients.archived_at AS patients_archived_at, patients.archived_by AS patients_archived_by, patients.created_at AS patients_created_at, patients.updated_at AS patients_updated_at 
	FROM patients 
	WHERE patients.id IN ($1::UUID, $2::UUID)
2026-09-09 19:37:38.554 PKT [16112] ERROR:  column patients.portal_pin_hash does not exist at character 976
2026-09-09 19:37:38.554 PKT [16112] STATEMENT:  SELECT patients.id AS patients_id, patients.practice_id AS patients_practice_id, patients.first_name AS patients_first_name, patients.last_name AS patients_last_name, patients.email AS patients_email, patients.phone AS patients_phone, patients.additional_phones AS patients_additional_phones, patients.date_of_birth AS patients_date_of_birth, patients.medical_history AS patients_medical_history, patients.consent_status AS patients_consent_status, patients.plan_type AS patients_plan_type, patients.chief_complaint AS patients_chief_complaint, patients.needs_surgery AS patients_needs_surgery, patients.ai_agent_assigned AS patients_ai_agent_assigned, patients.agent_status AS patients_agent_status, patients.agent_cost AS patients_agent_cost, patients.lifecycle_stage AS patients_lifecycle_stage, patients.lost_reason AS patients_lost_reason, patients.source AS patients_source, patients.portal_id AS patients_portal_id, patients.portal_enabled AS patients_portal_enabled, patients.portal_pin_hash AS patients_portal_pin_hash, patients.pin_set_at AS patients_pin_set_at, patients.gender AS patients_gender, patients.emergency_contact_name AS patients_emergency_contact_name, patients.emergency_contact_phone AS patients_emergency_contact_phone, patients.allergies AS patients_allergies, patients.surgical_history AS patients_surgical_history, patients.current_medications AS patients_current_medications, patients.smoking_status AS patients_smoking_status, patients.previous_cosmetic_procedures AS patients_previous_cosmetic_procedures, patients.referral_source AS patients_referral_source, patients.preferred_language AS patients_preferred_language, patients.communication_preferences AS patients_communication_preferences, patients.insurance_provider AS patients_insurance_provider, patients.insurance_number AS patients_insurance_number, patients.qualification AS patients_qualification, patients.intake_summary AS patients_intake_summary, patients.assigned_doctor_id AS patients_assigned_doctor_id, patients.is_archived AS patients_is_archived, patients.archived_at AS patients_archived_at, patients.archived_by AS patients_archived_by, patients.created_at AS patients_created_at, patients.updated_at AS patients_updated_at 
	FROM patients 
	WHERE patients.id IN ($1::UUID, $2::UUID)
2026-09-09 19:41:58.096 PKT [5716] LOG:  checkpoint starting: time
2026-09-09 19:42:06.351 PKT [5716] LOG:  checkpoint complete: wrote 74 buffers (0.5%), wrote 1 SLRU buffers; 0 WAL file(s) added, 0 removed, 0 recycled; write=8.175 s, sync=0.063 s, total=8.256 s; sync files=41, longest=0.004 s, average=0.002 s; distance=425 kB, estimate=425 kB; lsn=0/2BDAEE8, redo lsn=0/2BDAE58
